  Value Weight Returns -- Monthly,,,,,,,,,,,,,,,,,,,
,Lo 30,Med 40,Hi 30,Lo 20,Qnt 2,Qnt 3,Qnt 4,Hi 20,Lo 10,Dec-02,Dec-03,Dec-04,Dec-05,Dec-06,Dec-07,Dec-08,Dec-09,Hi 10,Mkt-RF
196307,-1.14,0.32,0.43,-1.61,-0.11,0.6,0.27,0.55,-2.34,-0.69,-0.12,-0.1,1.04,0.25,0.25,0.3,0.49,0.73,-0.39
196308,5.84,5.02,5.54,6.07,5.35,5.45,4.53,6.47,5.4,6.9,5.34,5.36,5.64,5.3,4.54,4.51,6.05,7.72,5.07
196309,-1.43,-1.09,-1.08,-0.62,-1.39,-2.44,-0.48,-1.33,-0.83,-0.37,-3.21,-0.32,-2.76,-2.18,-0.26,-0.8,-1.15,-1.85,-1.57
196310,2.28,1.7,5.98,2.66,0.93,1.32,3.22,7.39,2.91,2.37,1.41,0.66,0.95,1.61,2.41,4.41,8.41,4.38,2.53
196311,0.39,0.02,-2.04,0.74,-1.12,-1.42,0.88,-3.47,1.85,-0.62,-0.4,-1.53,-1.8,-1.11,1.77,-0.4,-4.39,-0.64,-0.85
196312,2.1,2.1,2.42,2.22,3.09,2.14,2.41,1.12,2.19,2.26,1.83,3.82,1.84,2.38,1.43,3.86,1.13,1.06,1.83
196401,3.26,2.26,3.24,3.28,1.82,1.87,4.29,0.55,3.9,2.51,3.21,1.04,2.43,1.43,3.02,6.14,1.46,-2.11,2.24
196402,2.57,1.64,1.5,2.56,2.01,1.8,1.51,1.48,3.35,1.57,2.57,1.68,2.27,1.43,1.49,1.53,1.57,1.22,1.54
196403,4.13,0.96,1.77,3.38,4.25,1.8,0.8,0.85,2.41,4.63,5.88,3.3,2.63,1.14,-0.56,2.7,0.4,2.19,1.41
196404,-1.97,1.11,0.98,-2.59,0.75,0.33,0.71,2.41,-2.24,-3.02,-0.58,1.55,0.9,-0.13,1.56,-0.44,2.92,0.89,0.1
196405,1.4,0.78,2.72,1.67,1.15,0.87,1.49,2.58,1.96,1.3,0.8,1.35,2.12,-0.16,0.5,2.87,2.61,2.48,1.42
196406,0.53,2.38,1.07,0.14,1.73,1.46,2.37,1.03,-0.29,0.7,1.4,1.92,1.22,1.65,3.3,1.11,1.15,0.67,1.27
196407,3.42,2.16,0.65,2.78,2.87,2.03,2.48,0.21,3.03,2.26,4.61,1.74,2.47,1.85,2.85,1.79,0.34,0,1.74
196408,-0.25,-1.17,-1.55,-0.77,-0.19,-1.12,-1.34,-1.82,-0.98,-0.32,0.72,-0.79,-1.99,-0.75,-1.6,-0.87,-3.24,0.51,-1.44
196409,3.25,2.72,3.4,3.47,3.73,2.1,3.33,3.57,4.38,1.54,2.86,4.31,2.56,1.92,3.53,2.97,2.23,5.67,2.69
196410,0.93,1.02,0.23,0.73,1.01,0.47,1.95,0.17,0.06,2.19,1.3,0.81,1.61,0,2.79,0.37,0.76,-0.73,0.59
196411,0.76,0.33,0.47,1.52,-0.4,-0.27,1.91,0.33,1.81,0.9,-0.61,-0.25,1.03,-0.82,2.48,0.82,0.46,0.12,0
196412,-0.52,0.88,0.35,-0.17,-1.34,1.99,-0.8,0.83,0.4,-1.42,-1.16,-1.46,0.31,2.72,-0.78,-0.85,0.23,1.76,0.03
196501,4.91,2.67,5.44,5.17,4.31,2.23,3.44,5.89,5.06,5.42,4.42,4.23,1.88,2.37,3.01,4.28,7.24,3.85,3.54
196502,1.18,-0.04,2.16,0.5,1.86,-0.13,0.25,2.18,-0.1,1.81,2.47,1.45,-1.18,0.31,-0.71,2.09,1.41,3.4,0.44
196503,-0.68,-1.43,-0.85,-1.06,-0.73,-1.29,-0.98,-1.51,-1.76,0.43,0.01,-1.23,-2.11,-0.95,-1.97,0.86,-1.12,-2.1,-1.34
196504,2.34,3.23,4.97,2.62,2.14,3.57,2.86,5.78,2.27,3.35,1.83,2.35,1.07,4.59,2.82,2.94,5.07,6.88,3.11
196505,0.38,-0.4,-0.05,0.95,-0.42,-0.51,0,-0.2,1.66,-0.54,-0.66,-0.27,-0.7,-0.43,-0.18,0.34,-0.18,-0.23,-0.77
196506,-6.04,-4.07,-6.15,-6.15,-5.2,-4.17,-4.46,-6.01,-6.02,-6.42,-5.85,-4.77,-2.72,-4.74,-3.31,-6.53,-5.35,-7.01,-5.51
196507,1.72,1.38,1.9,1.65,1.34,2.47,1.05,2.02,1.26,2.09,1.79,1.08,1.83,2.84,0.71,1.69,0.12,3.97,1.43
196508,2.67,2.38,4.19,3.02,1.83,3.11,2.87,4.59,2.49,3.59,2.34,1.54,2.8,3.3,2.57,3.42,4.18,4.99,2.73
196509,4.44,2.99,3,4.59,4.02,2.9,2.67,2.75,3.98,5.25,4.3,3.85,1.92,3.46,2.22,3.48,2.49,2.99,2.86
196510,2.78,2.5,3.44,3.74,3.38,1.77,2.05,3.54,3.93,3.53,1.88,4.27,2.67,1.26,1.38,3.26,2.77,4.29,2.6
196511,-0.18,-0.96,2.43,0.88,-1.38,1.43,-1.66,3.64,1.12,0.62,-1.2,-1.48,1.03,1.65,-2.65,0.09,5.59,1.77,-0.03
196512,1.27,1.14,1.09,1.18,1.18,0.91,1.4,0.95,1.28,1.08,1.35,1.09,-0.57,1.75,1.41,1.38,2.46,-0.56,1.01
196601,0.69,0.32,1.63,3.04,-0.69,1.43,0.85,1.06,1.43,4.78,-1.61,-0.15,0.47,1.97,-0.26,2.77,0.03,2.11,0.72
196602,-2.49,-1.55,0.84,-1.33,-2.84,-2.17,-0.61,2.03,-2.01,-0.62,-3.67,-2.37,-1.54,-2.52,-0.06,-1.51,0.86,3.2,-1.21
196603,-1.18,-2.93,-1.12,-2.64,-2.11,-2.77,-2.36,-0.61,-3.93,-1.3,0.36,-3.51,-2.8,-2.75,-2.48,-2.15,-0.59,-0.62,-2.51
196604,2.34,1.61,3.69,2.12,0.81,2.29,2.66,4.32,0.63,3.63,2.56,-0.22,2.64,2.1,2.82,2.38,3.31,5.31,2.14
196605,-6.04,-4.96,-4.6,-6.54,-5.51,-4.99,-4.75,-4.25,-5.59,-7.47,-5.54,-5.49,-5.21,-4.87,-4.41,-5.33,-4.43,-4.08,-5.66
196606,-0.1,-1.56,-0.95,-0.66,-1.09,-1.98,-0.74,-1.01,-0.88,-0.44,0.47,-2.05,-2.24,-1.84,-0.69,-0.81,-0.24,-1.75,-1.44
196607,-0.15,-0.85,-2.84,-0.62,-0.32,-0.63,-1.54,-3.38,-1.88,0.01,0.25,-0.72,-1.11,-0.06,-1.17,-2.16,-3.46,-3.33,-1.63
196608,-7.16,-7.19,-8.03,-7.92,-6.46,-8.07,-6.6,-9.61,-9.37,-7.2,-6.54,-6.4,-7.51,-8.71,-6.91,-6.08,-6.66,-11.28,-7.91
196609,0.24,0.4,-3.29,0.11,0.84,0.01,-1.06,-3.42,-0.98,0.64,0.35,1.19,-0.19,0.24,0.18,-3.14,-4.42,-2.82,-1.06
196610,6.41,5.21,1.26,3.66,8.44,4.77,2.57,1.15,0.56,5.14,8.61,8.31,6.81,2.39,3.25,1.39,-1.23,2.54,3.86
196611,-1.26,0.85,6.09,0.57,-1.42,0.29,2.67,8.79,2.69,-0.4,-2.66,-0.55,-1.12,2.01,2.54,2.89,5.4,10.7,1.4
196612,0.91,0.64,-0.55,2.62,0.52,0.25,0.28,-0.79,3.13,2.38,-0.44,1.19,-0.37,0.99,0.58,-0.25,1.89,-2.23,0.13
196701,7.04,7.57,10.36,9.43,5.57,7.7,9.15,10.79,11.47,8.47,5.08,5.9,7.46,7.99,8.76,9.83,11.2,10.56,8.15
196702,-0.56,1.05,1.96,0.46,-0.59,-0.39,2.47,2.69,3.76,-1.15,-1.41,-0.04,-0.46,-0.3,3.28,1.05,1.84,3.16,0.78
196703,4.25,3.68,5.98,3.3,3.68,3.99,5.13,5.2,3.92,2.98,5.08,2.75,3.12,4.99,4.1,6.97,4.15,5.78,3.99
196704,1.49,4.21,6.76,2.32,1.45,2.71,7.11,6.74,2.15,2.4,0.79,1.9,3.95,1.31,7.3,6.79,5.79,7.25,3.89
196705,-2.12,-4.79,-4.7,-2.24,-4.02,-3.78,-5.12,-4.59,-0.51,-3.13,-2.02,-5.36,-3.14,-4.53,-5.28,-4.84,-3.17,-5.36,-4.33
196706,2.05,1.74,3.62,2.61,2.05,1.09,2.01,4.7,4.19,1.79,1.56,2.4,0.84,1.39,1.87,2.26,5.58,4.22,2.41
196707,7.13,3.93,4.37,8.17,1.66,7.43,4.15,4.6,8.54,8.06,5.83,-1.59,5.77,8.74,4.36,3.87,4.57,4.64,4.58
196708,-0.45,-0.59,-1.07,-0.06,-1.01,-0.58,-0.4,-1.22,0.18,-0.13,-0.95,-1.06,-1.72,0.3,-0.13,-0.74,-0.77,-1.8,-0.89
196709,3.33,2.88,4.25,3.15,2.7,2.31,4.42,4.37,2.17,3.44,3.57,1.96,1.64,2.82,4.75,4,5.4,3.02,3.11
196710,-4.83,-3.06,0.02,-5.11,-3.69,-3.41,-2.76,1.44,-4.94,-5.16,-4.46,-3.04,-4.32,-2.73,-2.52,-3.07,1.9,0.82,-3.09
196711,-0.87,0.85,1.53,-0.76,0.02,1.27,0.22,2.08,-0.77,-0.76,-1,0.88,2.36,0.47,0.16,0.29,2.52,1.48,0.37
196712,3.66,2.73,3.25,3.61,3.16,2.27,3.41,3.24,5.12,3.15,3.73,2.69,2.9,1.8,3.5,3.29,3.03,3.53,3.05
196801,-0.56,-3.16,-7.12,-1.27,0.3,-4.06,-4.9,-8.18,3.07,-2.56,0.33,0.28,-4.03,-4.08,-5.1,-4.64,-6.94,-9.86,-4.06
196802,-2.08,-2.85,-4.4,-2.15,-2.31,-2.89,-3.86,-4.18,-4.05,-1.54,-2,-2.58,-2.66,-3.06,-3.06,-4.9,-3.56,-5.05,-3.75
196803,-1.02,0.55,2.04,-1.05,-0.53,0.69,0.21,3.34,-1.01,-1.07,-0.97,-0.15,0.51,0.83,1.04,-0.91,4.2,2.11,0.2
196804,7.26,8.09,11.84,8.94,5.24,8.1,11,12.13,11.57,8.13,5.16,5.31,8.04,8.15,10.9,11.15,11.23,13.44,9.05
196805,1.5,1.01,4.58,2.23,0.3,0.4,3.45,4.71,4.43,1.53,0.56,0.08,1.96,-0.77,2.85,4.26,4.66,4.78,2.28
196806,2.33,1.59,-0.53,1.56,3.2,1.97,-0.36,-0.61,0.89,1.78,3.34,3.08,1.26,2.51,-0.38,-0.34,-0.07,-1.38,0.69
196807,-1.51,-0.78,-4.37,-1.4,-1.59,-0.72,-2.63,-4.36,-0.27,-1.95,-1.83,-1.51,-3.38,1.37,0.28,-4.39,-2.49,-7.16,-2.72
196808,2.46,1.23,1.86,2.5,1.31,1.42,1.42,2.11,3.31,2.1,2.37,0.96,2.21,0.83,1.23,1.55,2.74,1.13,1.34
196809,6.35,3.62,3.87,6.76,4.32,2.37,3.85,4.8,7.67,6.3,5.25,4,2.17,2.52,5.68,2.71,4.38,5.47,4.03
196810,2.57,1.75,-1.42,3.19,1.15,1.78,-0.86,-0.16,2.6,3.48,0.89,1.24,0.63,2.65,2.5,-3.04,0.95,-1.92,0.42
196811,3.36,6.21,6.94,2.1,6.29,6.16,7.34,6.22,4.36,0.96,6.9,6.08,5.62,6.56,6.52,7.91,4.49,9.03,5.43
196812,-1.7,-3.94,-4.46,-1.67,-4.02,-3.88,-4.31,-3.76,0.53,-2.82,-1.76,-4.79,-3.33,-4.28,-2.74,-5.37,-4.21,-3.07,-3.94
196901,-1.01,0.23,-2.36,-1.27,0.45,0.65,-1.73,-2.64,-0.76,-1.54,-0.34,0.73,0.6,0.68,-1.36,-1.99,-2.53,-2.82,-1.25
196902,-4.74,-4.86,-5.27,-4.18,-5.13,-4.6,-4.49,-6.43,-6.53,-2.91,-6.2,-4.75,-5.26,-4.11,-5.56,-3.74,-4.96,-8.69,-5.84
196903,2.71,3.75,3.11,2.46,2.37,3.58,5.18,2.34,2.49,2.45,3.37,2.02,2.73,4.2,6.77,4.1,2.75,1.69,2.64
196904,0.71,2.65,2.36,0.4,4.07,1.84,2.02,1.97,2.31,-0.63,1.51,4.97,1.83,1.85,0.84,2.84,1.96,1.98,1.46
196905,-0.47,1.55,-1.05,-0.09,0.82,1.1,0.21,-0.84,-1.57,0.72,-1.46,1.59,2.2,0.32,2.41,-1.3,0.01,-2.24,-0.1
196906,-8.2,-6.58,-4.59,-8.11,-6.4,-6.49,-3.74,-7.72,-11.45,-6.31,-8.44,-5.73,-5.6,-7.14,-8.04,-0.7,-7.19,-8.62,-7.18
196907,-5.83,-6.31,-6.87,-6.23,-5.72,-6.81,-5.35,-8.64,-6.25,-6.22,-5.56,-5.92,-7.84,-6.03,-5.43,-5.29,-7.19,-10.42,-7
196908,2.94,5.05,7.24,4.08,2.85,5.35,5.97,8.45,2.55,4.99,2.2,3.73,5.18,5.47,5.68,6.2,8.29,8.65,4.68
196909,-2.7,-2.92,-1.32,-3.46,-2.57,-2.52,-1.93,-2.23,-1.11,-4.82,-2.19,-3.09,-4.19,-1.27,-3.77,-0.51,-1.98,-2.55,-2.98
196910,4.85,5.49,6.48,5.54,4.95,5.28,5.53,7.79,7.81,4.18,4.39,5.72,3.08,6.87,5.77,5.35,5.81,10.31,5.06
196911,-2.54,-4.1,-2.32,-4.77,-2.69,-4.01,-2.34,-3.29,-5.44,-4.35,-1.05,-4.88,-4.5,-3.67,-3.53,-1.46,-2.82,-3.86,-3.79
196912,-3.81,-0.65,-1.89,-3.98,-2.97,-1.09,0.47,-3.54,-4.39,-3.73,-3.7,-1.96,-0.91,-1.21,1.73,-0.45,-3.91,-3.09,-2.63
197001,-5.43,-7.7,-9.26,-6.6,-5.22,-8.06,-8.52,-10.11,-6.01,-6.96,-4.68,-5.96,-8.21,-7.96,-8.47,-8.55,-9.09,-11.35,-8.1
197002,7.72,6.09,3.73,7.18,6.83,6.53,4.43,4.24,5.72,8.09,8.06,5.14,6.29,6.71,5.94,3.3,4.98,3.31,5.13
197003,1.79,-0.2,-2.29,0.42,1.83,0.06,-1.38,-3.65,0.79,0.2,2.65,0.68,1.25,-0.75,-1.67,-1.16,-3.51,-3.82,-1.06
197004,-8.95,-8.65,-14.04,-9.9,-7.61,-9.23,-10.99,-16.25,-11.22,-9.11,-8.37,-6.52,-8.14,-9.99,-9.33,-12.25,-13.86,-19.32,-11
197005,-5.18,-5.3,-8.56,-5.24,-4.52,-4.82,-7.48,-10.66,-4.42,-5.72,-5.15,-3.62,-2.16,-6.71,-8.18,-6.93,-9.44,-12.32,-6.92
197006,-5.18,-3.62,-7.92,-5.51,-4.2,-4.38,-5.18,-8.53,-5.61,-5.44,-4.99,-3.11,-4.17,-4.54,-2.23,-7.46,-7.81,-9.54,-5.79
197007,9.43,6.97,6.08,9.1,8.98,6.49,6.99,5.9,7.56,9.75,9.65,8.09,6.43,6.68,7.37,6.52,5.46,6.23,6.93
197008,5.9,4.24,6.07,4.37,6.15,3.77,4.74,6.66,3.75,4.63,6.86,5.2,3.55,4.54,4.78,4.68,5.8,7.29,4.49
197009,2.74,3.71,8.51,5.34,2.14,3.77,4.19,10.08,6.16,5,1.14,3.51,3.57,4.43,3.75,4.76,9.42,10.55,4.18
197010,-1.24,-1.04,-3.51,-2.26,-0.65,-1.17,-1.89,-3.68,-4.3,-1.4,-0.58,-0.73,-0.82,-2.33,-0.93,-3.1,-3.8,-3.59,-2.28
197011,5.65,5.25,4.29,3.85,6.04,5.69,4.25,4.03,4.11,3.74,6.78,5.04,5.85,5.15,3.71,4.94,4.19,3.91,4.6
197012,5.66,6.58,5.75,7.74,5.25,6.2,7.96,5.09,6.5,8.26,4.38,6.43,5.71,7.89,8.39,7.41,7,3.73,5.72
197101,4.21,4.27,7.29,6.8,2.51,4.97,4.71,8.01,10.03,5.49,2.57,2.43,4.9,5.22,4.05,5.55,7.43,8.43,4.84
197102,2.03,1.24,2.35,2.87,2.13,-0.09,3.48,2.28,1.08,3.63,1.48,3,-0.43,1.06,4.25,2.52,3.81,1.17,1.41
197103,3.35,3.98,6.42,3.65,2.78,4.06,5.42,7.13,4.35,3.36,3.14,2.29,3.84,4.79,6.01,4.67,7.15,7.12,4.13
197104,4.37,2.94,3.74,4.74,4.43,1.95,3.24,4.46,4.06,5.03,4.12,4.84,1.75,2.61,4.26,1.92,5.52,3.67,3.15
197105,-3.77,-3.97,-3.11,-3.34,-4.07,-4.13,-3.39,-2.92,-3.08,-3.45,-4.06,-4.09,-4.34,-3.45,-3.21,-3.62,-2.79,-3.02,-3.98
197106,-0.74,0.5,0.84,0.25,-0.46,-0.16,1.52,1.15,-1.04,0.79,-1.41,0.79,-0.18,-0.12,2.66,0.02,0.46,1.67,-0.1
197107,-4.81,-3.07,-5.3,-4.99,-4.49,-1.98,-5.08,-5.32,-4.91,-5.12,-4.47,-4.5,-2.92,-0.98,-4.72,-5.28,-5.01,-5.63,-4.5
197108,7.52,3.76,3.75,8.02,6.89,2.78,3.36,4.05,8.85,6.5,6.59,7.03,2.63,2.93,3.2,3.44,2.97,5.17,3.79
197109,-1.1,-0.48,-0.13,-1.39,-0.77,-0.34,-0.41,0.1,-1.02,-2.07,-0.56,-0.87,0,-0.68,-0.49,-0.36,0.02,0.18,-0.85
197110,-5.31,-3.99,-3.39,-5.43,-5.95,-3.7,-1.97,-4.95,-5.88,-4.58,-5.09,-6.34,-3.72,-3.67,-2.32,-1.78,-4.14,-5.76,-4.42
197111,-0.59,-0.06,0.18,0.07,-1.17,-0.09,0.56,-0.03,0.3,-0.37,-1.81,-0.88,0.46,-0.67,0.86,0.4,-0.13,0.07,-0.46
197112,8.19,8.79,9.89,6.87,9,8.98,9.17,10.41,6.3,7.93,10.7,8.23,9.03,8.93,8.82,9.36,9.12,11.73,8.71
197201,4.02,1.57,3.56,4.24,2.18,1.37,2.82,3.96,3.39,5.81,3.61,1.51,1.88,0.82,2.2,3.15,3.13,4.79,2.49
197202,2.18,3.53,3.08,2.09,2.43,4.04,1.9,4.88,1.33,3.45,2.35,2.47,3.16,4.98,3.12,1.26,5.44,4.31,2.87
197203,1.34,0.6,1,1.74,1.13,0.7,0.63,0.78,3.63,-1.61,0.61,1.37,1.16,0.22,-0.48,1.23,1.25,0.31,0.63
197204,-0.79,0.74,0.83,-1.53,0.81,0.86,0.5,1.01,-2.66,0.58,0.57,0.92,1.46,0.21,0.23,0.64,-0.09,2.11,0.29
197205,-1.37,1.9,2.36,-1.99,0.05,2.03,2.04,3.27,-3.36,0.48,-0.23,0.18,1.3,2.81,3.27,1.4,3.69,2.85,1.25
197206,-2.76,-2.19,-1.64,-2.53,-3.24,-1.88,-1.68,-1.76,-2.44,-2.68,-3.17,-3.27,-1.42,-2.37,-2.01,-1.51,-1.47,-2.05,-2.43
197207,-2.44,-0.11,-0.01,-2.31,-0.59,-0.2,0.12,-0.43,-2.02,-2.44,-2.64,0.87,-1.69,0.7,-0.39,0.6,1.17,-2.59,-0.8
197208,5.43,4.01,2.59,4.93,6.5,2.75,4.17,1.79,4.18,5.29,6.16,6.74,4.89,1.5,4.68,3.71,1.28,2.51,3.26
197209,-3.58,0.1,-0.83,-3.98,-1.79,-0.38,0.25,-0.93,-3.42,-4.23,-2.99,-0.97,-2.02,0.61,1.26,-0.69,-0.66,-1.31,-1.14
197210,-0.22,1.82,0.19,-0.5,1.6,1.8,0.38,0.83,0.3,-0.88,0.17,2.55,1.7,1.86,1.53,-0.71,2.88,-2.02,0.52
197211,7.74,5.4,3.51,7.62,7.08,5.16,4.34,3.55,6.19,8.3,7.91,6.54,6.95,4.11,5.24,3.46,1.32,6.81,4.6
197212,-2.27,1.5,1.63,-2.32,-0.42,1.29,1.98,1.47,-3.51,-1.77,-2.2,0.76,-0.77,2.54,2.12,1.85,1.31,1.7,0.62
197301,-4.08,-2.19,-2.34,-4.86,-2.79,-2.4,-0.63,-4.29,-5.21,-4.7,-2.95,-2.68,-0.53,-3.48,-1.68,0.41,-3.42,-5.5,-3.29
197302,-5.9,-4.43,-3.31,-5.57,-5.22,-4.65,-3.29,-3.91,-5.65,-5.54,-6.35,-4.5,-5.44,-4.17,-4.1,-2.5,-1.57,-7.23,-4.85
197303,-1.48,0.06,-0.97,-1.97,0.27,-0.47,0.12,-1.57,-1.1,-2.36,-0.79,0.93,0.01,-0.75,0.44,-0.18,-1.03,-2.4,-1.3
197304,-4.2,-3.53,-5.8,-5.02,-3.16,-3.94,-4.18,-6.24,-6.84,-4.17,-3.04,-3.23,-3.62,-4.12,-3.09,-5.23,-5.37,-7.58,-5.68
197305,-5.04,-1.55,-1.62,-5.62,-2.15,-1.97,-1.56,-1.44,-6.39,-5.27,-4.24,-0.86,-2.99,-1.36,-1.26,-1.86,0.85,-5,-2.94
197306,-2.96,-0.58,-0.78,-4.12,-1.69,-0.16,-0.22,-1.52,-5.13,-3.67,-1.39,-1.87,0.54,-0.56,-0.61,0.17,-0.6,-3.07,-1.57
197307,6.65,3.45,8.4,6.2,4.5,3.71,4.19,10.98,9.98,4.69,7.53,2.94,5.11,2.53,3.35,5.38,9,14.17,5.05
197308,-1.52,-3.32,-3.67,-1.59,-2.78,-3.91,-2.92,-3.66,-3.35,-0.85,-1.4,-3.52,-3.75,-4.05,-2.38,-3.68,-3.7,-3.6,-3.82
197309,8.7,4.52,4.97,8.34,8.64,7.63,-0.14,7.29,11.6,7.02,9.37,8.24,7.01,8.18,-1.73,2.1,6.42,8.62,4.75
197310,1.66,-0.32,-0.67,1.08,2.21,-2.18,0.73,-1.35,0.85,1.19,2.73,1.92,-1.68,-2.6,1.11,0.2,-2.2,-0.07,-0.83
197311,-13.57,-10.63,-14.46,-13.28,-11.76,-11.03,-11.29,-15.75,-12.85,-13.46,-14.1,-10.45,-12.33,-9.89,-10.17,-12.81,-13.49,-19.08,-12.75
197312,3.87,1.42,-0.07,3.12,4.51,2.41,-1.6,1.22,4.56,2.49,5.26,4.11,2.09,2.68,-1.57,-1.65,0.18,2.85,0.61
197401,2.46,-0.2,-0.07,3.15,-0.72,1.07,-0.81,0.23,1.76,3.76,1.22,-1.77,0.91,1.2,-1.07,-0.44,0.11,0.4,-0.17
197402,2.27,-0.33,-0.41,2.03,0.97,0.39,-1.1,-0.45,3.42,1.43,2.72,0,-0.51,1.16,-1.62,-0.36,-0.24,-0.77,-0.47
197403,-1.76,-2.25,-2.26,-1.98,-2.34,-2.6,-1.51,-2.65,-0.62,-2.57,-1.37,-2.9,-1.9,-3.18,-1.32,-1.77,-2.23,-3.29,-2.81
197404,-2.91,-4.61,-4.57,-3.69,-2.81,-4.68,-4.68,-5,-4.64,-3.26,-1.5,-3.58,-5.32,-4.14,-5.16,-4.03,-4.9,-5.15,-5.29
197405,-4.81,-3.35,-3.34,-4.64,-5.41,-2.62,-2.24,-5.1,-5.5,-4.26,-5.11,-5.59,-3.19,-2.14,-3.04,-1.14,-3.54,-7.51,-4.68
197406,-0.98,-1.19,-4.3,-0.69,-1.31,-0.83,-2.33,-5.27,-1.19,-0.47,-1.49,-1.2,-0.73,-0.91,-1.74,-3.13,-5.31,-5.2,-2.83
197407,-3.6,-7.35,-9.63,-3.52,-5.32,-7.93,-7.36,-9.99,-3.19,-3.69,-3.68,-6.61,-9.19,-7.03,-6.19,-8.95,-10.4,-9.37,-8.05
197408,-7.98,-8.13,-10.14,-6.31,-7.98,-7.95,-9.86,-10.07,-5.71,-6.62,-9.65,-6.62,-5.29,-9.83,-9.58,-10.26,-10.22,-9.86,-9.35
197409,-7.6,-10.53,-14.17,-8.28,-9.08,-9.74,-12.46,-15.17,-8.49,-8.16,-6.9,-10.78,-7.65,-11.28,-12.59,-12.29,-15.21,-15.12,-11.77
197410,16.8,15.22,20.94,16.97,16.9,14.63,18.59,19.98,15.4,17.77,16.61,17.13,13.48,15.51,15.65,22.67,20.17,19.69,16.1
197411,-1.7,-4.28,-4.37,-1.73,-1.47,-4.26,-5.39,-4.5,-1.65,-1.77,-1.67,-1.3,-3.29,-4.99,-6.36,-4.12,-4.1,-5.1,-4.51
197412,-1.93,-1.56,-5.4,-2.08,-1.43,-1.59,-2.56,-6.44,-4.58,-0.84,-1.79,-1.13,-0.04,-2.78,-1.76,-3.58,-6.37,-6.54,-3.45
197501,15.35,13.2,15.25,15.68,13.12,13.27,13.36,16.96,20.42,13.43,15.02,11.6,11.97,14.29,14.15,12.33,16.79,17.22,13.66
197502,3.35,6.42,6.87,3.62,4.38,5.58,9.1,5.94,4.8,3.03,3.06,5.46,4.72,6.24,9.55,8.51,5.12,7.18,5.56
197503,5.35,1.72,5.15,4.74,4.64,1.41,3.03,5.08,5.53,4.34,5.97,3.56,2.1,0.88,1.34,5.26,3.86,6.89,2.66
197504,4.75,3.82,6.76,5,3.47,2.88,6.65,7.3,4.79,5.11,4.49,2.63,2.7,3.02,7.3,5.82,5.96,9.25,4.23
197505,5.74,5.97,5.08,6.81,6.19,5.31,6.25,4.79,6.76,6.84,4.63,7.5,4.7,5.77,6.76,5.6,3.44,6.69,5.19
197506,6.17,5.19,4.71,5.74,5.63,5.6,4.55,4.65,6.57,5.31,6.63,4.82,5.99,5.31,4.34,4.81,4.46,4.9,4.83
197507,-4.2,-6.89,-6.15,-2.2,-6.23,-7.28,-6.26,-6.18,-3.26,-1.73,-6.84,-5.85,-6.85,-7.71,-6.53,-6.07,-6.13,-6.27,-6.59
197508,-4.12,-1.81,-2.33,-3.87,-2.82,-1.83,-2.11,-2.33,-4.82,-3.46,-4.47,-1.79,-1.44,-2.21,-1.77,-2.35,-2.24,-2.48,-2.85
197509,-3.62,-2.87,-4.6,-3.26,-3.39,-2.52,-4.33,-4.66,-6.72,-1.78,-4.11,-2.94,-2.99,-2.06,-4.18,-4.43,-4.61,-4.75,-4.26
197510,7.18,7.17,4.38,7.1,7.66,7.33,6.07,3.67,4.16,8.29,7.28,7.88,6.13,8.52,5.63,6.37,4.21,2.7,5.31
197511,3.89,4.29,1.4,2.71,5.4,4.43,2.36,1.06,2.91,2.62,5.56,5.3,4.5,4.37,2.44,2.31,1.25,0.73,2.64
197512,-0.85,-1.24,-1.04,-0.06,-1.36,-1.51,-0.9,-0.96,-0.58,0.15,-1.94,-1.01,-1.93,-1.1,-0.41,-1.24,-1.7,0.36,-1.6
197601,15.46,12.42,12.03,16.61,12.86,12.09,11.44,12.89,20.48,15.11,13.84,12.28,10.93,13.21,13.94,9.7,11.46,15.43,12.16
197602,4.87,0.36,-0.91,5.67,1.66,0.3,-0.54,-0.77,9.4,4.15,3.72,0.42,0.61,0.02,0.54,-1.32,-2.13,1.57,0.32
197603,3.11,2.66,2.85,3.78,3,2.53,1.96,3.2,3.03,4.11,2.12,3.54,2.51,2.55,2.07,1.88,4.45,1.15,2.32
197604,-1.87,-1.57,-0.31,-1.47,-2.66,-1.23,-0.59,-0.42,-2.48,-1.04,-2.47,-2.77,-0.85,-1.6,-1.4,0.01,-0.12,-0.93,-1.49
197605,-1.69,-1.75,0.18,-1.65,-2.66,-1.4,-0.91,0.45,-1.69,-1.64,-1.75,-3.23,-2.93,0.06,-1.36,-0.59,0.94,-0.37,-1.34
197606,5.64,4.76,3.97,4.92,5.23,4.85,4.22,4.08,7.25,3.94,6.72,4.3,3.51,6.08,4.98,3.68,3.55,4.99,4.05
197607,-0.65,-0.3,-0.87,0.28,-0.88,0.25,-0.58,-1.38,0.41,0.2,-1.35,-0.44,0.5,0.03,-0.94,-0.28,-0.48,-2.78,-1.07
197608,-1.94,0.78,-0.62,-2.57,-1.41,0.56,0.95,-1.27,-1.76,-3.08,-1.45,-1.37,0.39,0.71,1.95,0.14,-1.47,-0.94,-0.56
197609,2.18,2.21,3.06,0.92,2.3,3.4,2.01,3.23,0.7,1.05,3.14,1.51,2.65,4.05,0.98,2.86,3.08,3.47,2.07
197610,-2.73,-1.74,-2.19,-2.82,-3.28,-2.21,-1.32,-2.21,-3.17,-2.6,-2.66,-3.87,-2.88,-1.64,-0.28,-2.16,-1.51,-3.33,-2.42
197611,1.3,1.37,-0.03,2.97,0.8,1.52,0.32,0.23,3.9,2.38,0.05,1.51,1.09,1.88,1.13,-0.34,-0.08,0.74,0.36
197612,8.46,6.23,5.06,9.59,7.66,6.97,5.24,4.51,10.09,9.27,7.6,7.72,6.71,7.19,4.72,5.68,4.09,5.18,5.65
197701,-1.43,-3.15,-5.18,-0.23,-1.78,-2.93,-4.19,-6.06,1.54,-1.38,-2.36,-1.24,-2.08,-3.65,-4.19,-4.19,-6.35,-5.62,-4.05
197702,-2.04,-1.41,-1.79,-2.17,-2.29,-1.76,-0.86,-2.34,-1.95,-2.32,-1.93,-2.64,-2.16,-1.42,-0.47,-1.18,-2.17,-2.6,-1.94
197703,-0.65,-1.31,-0.88,-0.04,-0.73,-0.93,-1.41,-0.98,-0.23,0.08,-1.13,-0.36,-0.19,-1.55,-2.19,-0.76,-1.27,-0.54,-1.37
197704,1.27,0.96,-0.35,1.77,1.11,1.91,-0.79,0.33,2.92,1.01,0.88,1.33,2.85,1.11,-0.43,-1.08,-0.12,1.01,0.15
197705,-0.99,-0.75,-1.54,-0.84,-0.95,-0.59,-1.43,-1.29,-0.17,-1.28,-1.12,-0.8,-0.12,-1,-0.94,-1.82,-1.58,-0.85,-1.45
197706,4.96,4.33,6.04,5.04,5.09,4.35,5.16,5.9,6.2,4.27,4.89,5.28,4.57,4.17,3.91,6.19,5.03,7.23,4.71
197707,-0.95,-1.26,-1.5,-1.16,-0.42,-1.4,-1.31,-1.94,-1.48,-0.94,-0.81,-0.09,-1.08,-1.76,-1.62,-0.99,-2.5,-1.23,-1.69
197708,-0.67,-1.83,-0.79,-1.28,-1.82,-1.84,-0.72,-1.25,-1.65,-1.03,-0.25,-3.12,-2.36,-1.27,-1.15,-0.28,-1.62,-0.79,-1.75
197709,-0.85,0.51,-0.23,-0.83,0.04,0.5,-0.05,-0.01,-2.22,0.09,-0.87,0.81,1.82,-0.94,0.37,-0.47,-0.21,0.23,-0.27
197710,-4.05,-4.05,-3.72,-3.56,-3.95,-4.13,-3.75,-4.09,-3.72,-3.45,-4.4,-3.57,-4.05,-4.23,-4.17,-3.31,-4.22,-3.93,-4.38
197711,5.97,3.97,4.7,8.31,4.72,3.52,3.97,5.52,9.29,7.66,4.34,5.03,3.47,3.58,4.16,3.79,5.41,5.66,4
197712,0.32,0.73,0.67,1.26,0.23,0.83,1.08,-0.16,1.85,0.87,-0.37,0.72,1.02,0.61,0.56,1.61,-0.25,-0.04,0.27
197801,-4.45,-5.6,-5.97,-3.27,-4.99,-5.13,-5.8,-7.03,-2.6,-3.72,-5.33,-4.72,-4.45,-5.9,-6.82,-4.79,-7.17,-6.86,-6.01
197802,-0.25,-0.55,-1.96,1.96,-1.2,-0.01,-2.02,-1.39,2.31,1.73,-1.92,-0.62,1.36,-1.59,-1.43,-2.59,-1.73,-0.97,-1.38
197803,5.1,3.5,2.59,7.7,3.36,3.2,2.28,4.35,8.74,6.99,3.06,3.6,3.37,3,3.94,0.67,5.03,3.53,2.85
197804,9.05,7.46,10.1,8.45,7.59,6.98,9.63,9.96,8.31,8.55,9.54,6.05,5.19,9.11,9,10.27,9.39,10.65,7.88
197805,3.98,1.65,2.3,6.32,2.09,2.1,1.12,2.99,7.47,5.5,2.11,2.07,1.38,2.92,0.71,1.53,2.8,3.22,1.76
197806,-0.86,-1.52,-0.92,-0.67,-1.01,-1.82,-1.12,-0.89,-1.31,-0.21,-1.02,-1,-1.57,-2.1,-1.28,-0.97,-0.6,-1.24,-1.69
197807,5.73,5.51,6.12,5.81,6.62,4.77,5.11,6.78,6.08,5.66,5.68,7.31,3.88,6.16,5.15,5.06,6.39,7.25,5.11
197808,5.28,3.63,5.13,6.01,4.07,3.58,4,5.69,6.68,5.65,4.79,3.55,2.96,4.53,3.84,4.22,4.79,6.77,3.75
197809,0.4,-0.72,-1.88,-0.09,-0.65,-0.48,-0.81,-2.01,0.04,-0.16,0.74,-1.65,0.17,-1.48,-0.2,-1.66,-1.52,-2.59,-1.43
197810,-12.88,-9.55,-13.39,-16.37,-9.22,-9.34,-11.26,-14.79,-21.62,-13.49,-10.54,-8.25,-8.35,-10.86,-11.39,-11.08,-13.15,-16.74,-11.91
197811,3.98,2.91,4.11,3.89,3.64,2.87,2.78,4.71,6.45,2.61,4.03,3.35,2.62,3.27,2.51,3.16,4.32,5.18,2.71
197812,0.79,1.64,2.2,1.57,2.25,0.73,1.7,2.12,1.33,1.7,0.3,3.66,-0.01,1.89,1.27,2.31,2.66,1.47,0.88
197901,6.26,4.76,4.66,8.19,5.19,4.79,3.93,5.25,11.57,6.5,5.06,5.28,5.01,4.45,4.08,3.72,4.84,5.76,4.23
197902,-2.63,-2.77,-3.75,-2.91,-2.39,-3.08,-3.13,-3.71,-3.47,-2.61,-2.46,-2.33,-2.59,-3.84,-2.62,-3.82,-3.02,-4.57,-3.56
197903,8.41,5.3,7.55,9.54,6.44,4.45,6.26,8.79,12.19,8.15,7.69,5.55,3.97,5.21,6.76,5.55,7.77,10.05,5.68
197904,0.77,0.51,0.98,1.34,0.14,0.02,1.3,1.52,2.78,0.56,0.4,-0.05,-0.52,0.85,2.14,0.09,2.23,0.65,-0.06
197905,-2.12,-1.48,-1.13,-1.37,-1.77,-1.73,-1.4,-0.92,-2.4,-0.79,-2.61,-1.16,-1.29,-2.41,-1.34,-1.5,-0.15,-1.87,-2.21
197906,5.43,3.88,5.64,5.24,3.51,4.11,5.22,6.07,5.37,5.16,5.55,2.07,3.56,4.97,5.44,4.89,5.61,6.65,3.85
197907,2.85,0.92,2.13,3.31,0.63,2.08,1.65,1.85,3.81,3.02,2.52,-0.54,2.47,1.82,0.97,2.46,1.09,2.61,0.82
197908,6.27,5.6,8.11,7.01,4.57,6.81,6.55,8.9,6.91,7.07,5.74,3.82,6.92,6.74,6.02,7.18,8.5,9.29,5.53
197909,0.66,-0.37,-0.08,0.47,0.24,0.18,-1.01,-0.06,0.97,0.19,0.8,-0.11,-0.36,0.54,-1.79,-0.1,0.3,-0.41,-0.82
197910,-6.66,-6.99,-7.96,-8.24,-5.45,-8.06,-7.57,-8.04,-9.22,-7.69,-5.53,-5.4,-8.11,-8.02,-7.31,-7.86,-7.45,-8.62,-8.1
197911,6.4,5,8.43,7.56,5.15,5.01,6.13,9.45,8.91,6.8,5.6,4.86,6.49,4.02,5.2,7.21,8.77,10.13,5.21
197912,2.75,1.9,4.2,5.5,0.66,3.12,2.15,5.37,10.23,2.77,0.81,0.57,3.38,2.94,1.6,2.77,4.55,6.18,1.79
198001,8.84,5.09,6.29,7.75,6.85,6.43,3.59,7.52,8.79,7.1,9.65,5.03,5.74,6.92,2.57,4.74,7.79,7.27,5.51
198002,2.18,-0.75,-2.56,0.27,2.64,-1.36,-3.58,-2,0.58,0.08,3.56,2.01,-2.04,-0.89,-3.83,-3.29,-3.13,-0.91,-1.22
198003,-14.15,-9.69,-12.27,-15.48,-11.55,-10.68,-8.12,-14,-18.27,-13.73,-13.21,-10.4,-10.58,-10.75,-6.44,-9.99,-12.08,-15.81,-12.9
198004,5.67,4.54,5.56,5.8,4.92,4.25,5.79,4.85,5.41,6.04,5.58,4.47,5.93,3.1,5.22,6.44,3.7,5.98,3.97
198005,6.61,5.4,6.69,7.09,5.05,6.31,5.74,7.2,5.39,8.08,6.29,4.22,7.17,5.7,5.46,6.06,7.85,6.59,5.26
198006,2.96,3.07,4.3,2.33,3.16,2.91,3.6,4.78,4.41,1.15,3.39,3,2.91,2.9,3.5,3.71,4.53,5.02,3.06
198007,7.5,6.13,8.36,8.95,4.83,5.82,6.95,10.77,8.11,9.27,5.75,4.25,7.48,4.36,8.39,5.32,11.14,10.43,6.49
198008,2.35,1.94,2.79,2.73,2.54,1.06,2.21,3.41,6.57,1.31,1.89,2.95,0.32,1.74,2.42,1.96,1.82,4.86,1.8
198009,2.35,1.74,5.57,1.24,2.24,2.43,2.54,6.55,3.74,0.26,3.71,1.3,0.04,4.57,1.07,4.25,5.21,7.75,2.19
198010,2.16,1.38,3.24,-0.03,1.99,1.21,3.57,2.3,3.19,-1.35,4.78,0.19,-0.19,2.41,2.72,4.53,2.38,2.22,1.06
198011,7.99,9.57,14.25,4.63,8.93,10.58,11.82,14.77,7.45,3.41,11.82,7,8.88,11.98,10.26,13.56,13.59,15.8,9.59
198012,-3.23,-2.34,-3.99,-0.82,-3.5,-2.09,-3.62,-3.86,-3.05,0.19,-5.84,-1.89,-0.52,-3.35,-3.12,-4.17,-5.53,-2.43,-4.52
198101,-2.33,-2.66,-7.43,-0.97,-1.01,-3.76,-5.38,-7.82,-2.06,-0.49,-3.87,0.89,-2.41,-4.89,-3.97,-6.9,-6.09,-9.26,-5.04
198102,2.8,2.53,0.25,3.19,3.42,2.63,0.67,0.16,1.68,3.84,2.34,4.11,3.65,1.76,0.96,0.36,0.51,-0.14,0.57
198103,6.55,3.11,5.55,9.05,3.3,3.91,3.21,6.12,5.9,10.37,3.58,3.12,4.77,3.16,1.8,4.78,6.7,5.62,3.56
198104,0.39,-1.14,-1.74,-0.3,0.96,-2.21,-2.26,-0.47,-1.3,0.11,1.25,0.77,-0.51,-3.71,-1.18,-3.44,0.27,-1.14,-2.11
198105,0.27,1.03,1.69,1.71,0.91,0.43,0.08,3.33,1.13,1.94,-1.5,2.43,0.57,0.31,0.67,-0.59,2.54,4.06,0.11
198106,-0.43,0.04,-2.43,-1.89,-0.07,0.31,0.37,-4.2,-1.38,-2.1,1.4,-0.96,-0.36,0.91,0.59,0.11,-4.19,-4.2,-2.36
198107,-2.71,-1,1.83,-2.69,-2.36,-1.06,1.19,1.65,-0.39,-3.78,-2.73,-2.17,-1.15,-0.95,0.21,2.08,2.95,0.09,-1.54
198108,-6.05,-4.78,-7.17,-6.9,-4.54,-4.51,-5.92,-7.94,-7.31,-6.7,-5.12,-4.24,-4.33,-4.77,-5.76,-6.06,-6.79,-9.38,-7.04
198109,-5.98,-3.68,-8.42,-5.78,-4.69,-3.38,-5.85,-9.11,-8.53,-4.45,-6.19,-3.93,-1.48,-6.03,-4.03,-7.47,-8.91,-9.36,-7.17
198110,5.35,4.13,9.26,5.48,2.08,5.6,6.06,10.55,7.93,4.34,5.2,0.52,3.85,8.17,4.64,7.44,9.3,12.12,4.92
198111,4.83,4.56,4.05,4.34,4.76,4.5,4.64,3.72,1.96,5.48,5.35,4.46,4.6,4.34,4.75,4.52,3.94,3.45,3.36
198112,-1.35,-2.05,-4.31,-1.3,-0.81,-2.27,-3.59,-4.41,-0.8,-1.53,-1.4,-0.5,-1.74,-3.02,-2.96,-4.18,-4.35,-4.48,-3.65
198201,-2.65,-0.69,-4.49,-2.65,0.34,-1.83,-1.91,-5.57,-2.07,-2.93,-2.65,1.88,-0.63,-3.54,-0.83,-2.95,-5.57,-5.57,-3.24
198202,-2.6,-3.25,-7.9,-3.1,-1.79,-3.74,-5.16,-8.91,-4.37,-2.49,-2.07,-1.65,-3.99,-3.37,-3.78,-6.5,-8.6,-9.31,-5.86
198203,-0.23,0.39,-2.62,-0.31,0.21,0.79,-0.98,-3.34,-1.59,0.29,-0.14,0.38,1.08,0.37,-0.36,-1.62,-2.36,-4.56,-1.87
198204,6.07,3.39,5.65,6.35,5.18,2.65,4.39,5.81,5.39,6.77,5.78,4.88,1.96,3.68,3.4,5.44,5.71,5.94,3.27
198205,-3.56,-2.55,-2.83,-3.72,-2.3,-2.82,-2.62,-3.11,-3.9,-3.64,-3.4,-1.75,-2.58,-3.19,-2.78,-2.45,-1.96,-4.57,-3.99
198206,-1.15,-0.52,-4.34,-1.12,-0.88,-0.61,-2.01,-4.63,-2.03,-0.71,-1.18,-0.74,-1.33,0.45,-0.16,-3.93,-4.64,-4.62,-3.09
198207,-1.92,-1.46,-3.38,-1.85,-1.61,-0.62,-2.43,-4.48,-0.82,-2.48,-2,-1.33,-1.59,0.08,-3.18,-1.31,-4.12,-4.86,-3.19
198208,12.26,11.61,12.35,12.58,11.48,11.56,11.93,12.6,11.52,13.23,11.89,11.18,12.74,10.73,11.97,11.88,13.22,11.96,11.14
198209,1.51,1.75,2.04,1.32,2.9,1.69,1.51,1.68,3.03,0.29,1.74,3.76,1.8,1.61,0.71,2.69,2.33,1,1.29
198210,14.14,10.06,13.81,15.29,11.6,9.26,11.08,15.48,17.13,14.14,12.77,10.74,10.08,8.66,11.29,10.77,12.99,18.16,11.3
198211,6.15,4.39,6.27,7.88,4.49,4.45,4.17,7.27,9.09,7.11,4.07,4.81,4.27,4.58,4.03,4.36,5.73,8.86,4.67
198212,1.13,1.89,0.04,1.41,1.59,1.35,2.26,-0.71,2.32,0.82,0.77,2.21,-0.98,3.05,2.78,1.53,0.51,-1.93,0.55
198301,4.69,3.57,4.47,5.87,2.45,4.35,3.14,5.06,9.34,3.59,3.21,1.89,2.8,5.44,3,3.34,3.6,6.54,3.6
198302,3.5,3.07,3.53,3.3,3.7,2.9,3.33,3.43,3.11,3.43,3.75,3.67,5.12,1.37,3.06,3.72,3.75,3.11,2.59
198303,5.6,3.08,3.39,5.13,5.62,2.84,2.9,3.25,6.15,4.44,6.21,5.18,2.58,3.02,2.36,3.66,3.35,3.16,2.82
198304,8.26,7.47,6.54,8.77,6.91,7.83,6.8,6.84,9.6,8.19,7.63,6.36,6.29,8.94,7.41,5.94,5,8.69,6.67
198305,1.33,-0.78,3.29,2.35,-0.85,-0.73,0.3,4.28,2.91,1.96,0.03,-1.55,0.44,-1.54,-0.44,1.34,2.84,5.68,0.52
198306,3.02,3.42,4.76,3.92,1.64,2.59,5.43,4.95,5.75,2.64,1.85,1.48,2.61,2.57,6.19,4.36,4.94,4.96,3.07
198307,-1.32,-2.73,-4.89,-1.25,-1.69,-2.99,-3.43,-5.12,-2.35,-0.69,-1.37,-2.05,-3.68,-2.35,-2.71,-4.46,-3.52,-6.04,-4.07
198308,1.8,1.01,-0.98,-0.71,2.48,1.36,0.26,-1.63,-1.46,-0.33,3.49,1.35,1.56,1.17,0.25,0.28,-1.16,-1.91,-0.5
198309,1.48,2.28,1.1,2.34,1.08,1.67,2.86,0.93,1.1,2.95,0.93,1.24,2.2,1.2,3.86,1.41,1.72,0.46,0.91
198310,-1.58,-1.07,-4.82,-2.68,-0.87,-1.21,-1.92,-5.61,-3.23,-2.41,-0.87,-0.87,-1.21,-1.21,-0.98,-3.33,-3.42,-6.94,-3.44
198311,3.48,2.23,3.16,4.51,3.46,3.4,0.65,3.37,6.12,3.73,2.82,4.19,4.29,2.58,-0.73,2.77,2.76,3.75,2.16
198312,-0.22,-0.85,-1.4,0.24,-0.97,-0.73,-0.97,-1.4,1.1,-0.18,-0.53,-1.49,1.28,-2.6,-0.69,-1.4,-1.64,-1.26,-1.78
198401,0.13,-0.01,-3.33,-1.57,-0.12,1.94,-2.44,-3.64,-0.75,-1.98,1.25,-1.72,0,3.84,-2.22,-2.75,-1.7,-4.83,-1.92
198402,-2.95,-3.49,-5.35,-6.56,-2.37,-3.18,-3.56,-6.23,-6.09,-6.81,-0.63,-4.47,-4.36,-2.12,-3.45,-3.72,-5.43,-6.73,-4.82
198403,2.25,1.04,1.04,3.04,1.87,0.06,1.77,0.94,3.62,2.74,1.78,1.98,2.81,-2.35,2.14,1.22,0.66,1.13,0.63
198404,0.95,1,-0.4,-2.11,2.06,1.16,0.06,-0.13,-3.13,-1.58,2.81,1.13,0.53,1.74,0.67,-0.87,-0.17,-0.11,-0.51
198405,-5.86,-4.94,-4.67,-6.36,-5.86,-4.63,-4.42,-5.06,-6.53,-6.28,-5.57,-6.22,-5,-4.28,-4.71,-3.96,-5.53,-4.77,-5.97
198406,1.26,3.37,3.25,1.91,1.79,4.52,2.56,2.95,2.98,1.37,0.85,2.88,2.79,6.1,1.75,3.78,2.26,3.38,1.82
198407,-4.33,-1.26,-1.52,-5.96,-2.93,-1.18,0.58,-3.04,-6.92,-5.41,-3.05,-2.8,-1.84,-0.7,0.19,0.9,-1.7,-4.3,-2.74
198408,12.59,9.94,12.42,13.15,11,10.2,10.65,13.01,11.52,14.09,12.17,9.71,10.8,9.77,9.61,11.53,12.05,13.95,10.28
198409,0.71,0.69,-1.69,-0.47,0.44,1.05,0.43,-2.48,-1.34,0.01,1.61,-0.88,1.21,0.93,1.51,-0.47,-2.52,-2.45,-0.8
198410,-1.07,0.97,-0.11,-1.08,-0.86,1.32,1.53,-1.05,-3.04,-0.02,-1.06,-0.62,0.58,1.83,1.8,1.29,-0.79,-1.3,-0.84
198411,-0.24,-0.35,-2.65,-1.04,0.15,-0.61,-1,-3.25,-2.26,-0.42,0.34,-0.07,-0.54,-0.65,-0.08,-1.78,-2.87,-3.6,-1.76
198412,1.95,2.54,2.75,-0.33,2.6,2.55,3.22,2.64,0.7,-0.85,3.62,1.43,3.09,2.18,3.59,2.91,2.07,3.18,1.84
198501,7.65,7.07,11.48,8.95,6.18,7.47,8.66,12.89,10.92,7.95,6.73,5.55,6.51,8.13,7.67,9.5,12.16,13.57,7.99
198502,2.69,1.93,0.99,3.17,2.1,2.16,1.11,1.14,2.68,3.43,2.34,1.82,2.35,2.04,1.52,0.76,1.47,0.83,1.22
198503,1.51,0.37,-2.22,0.62,1.55,-0.01,-0.69,-2.46,-0.08,0.98,2.16,0.84,0.8,-0.55,0.72,-1.87,-2.09,-2.79,-0.84
198504,-0.17,-0.05,-0.98,-1.62,0.36,0.53,-0.79,-1.28,-1.3,-1.78,0.86,-0.24,0.64,0.45,-1.07,-0.54,-0.26,-2.24,-0.96
198505,5.13,5.92,6.25,3.92,4.96,5.99,6.69,6.63,2.34,4.74,5.98,3.76,5.43,6.37,7.84,5.71,7.48,5.83,5.09
198506,1.07,2.02,1.75,0.98,1.3,1.82,1.54,2.68,0.33,1.3,1.13,1.54,2.81,1.15,2.82,0.41,2.44,2.9,1.27
198507,-0.15,-0.64,0.64,-0.72,-0.25,-0.13,0.3,-0.04,-0.8,-0.67,0.71,-1.23,0.07,-0.35,-1.12,1.64,0.6,-0.58,-0.74
198508,0.28,-0.13,-1.63,0.02,0.62,-0.13,-1.07,-1.76,-0.74,0.42,0.66,0.59,-0.4,0.18,-0.65,-1.45,-1.26,-2.19,-1.02
198509,-2.81,-3.45,-5.05,-2.36,-2.48,-3.68,-4.27,-5.73,-4.39,-1.36,-3.46,-1.42,-3.35,-4.04,-4.49,-4.07,-5.07,-6.3,-4.54
198510,3.38,5.2,4.83,2.75,4.52,5.7,5.04,4.4,2.05,3.08,4.31,4.73,5.29,6.16,4.62,5.44,3.39,5.25,4.02
198511,5.97,7.28,7.6,7.03,5.27,7.71,7.43,7.62,8.83,6.18,4.44,6.18,7.7,7.72,7.27,7.58,8.74,6.68,6.48
198512,3.58,4.43,5.24,3.99,3.25,4.95,5.58,4.02,3.42,4.26,2.99,3.54,5.93,3.88,4.1,6.92,4.22,3.86,3.88
198601,-1.07,1.56,1.74,-1.68,0.46,1.4,1.55,2.28,-3.27,-0.92,-0.18,1.17,0.94,1.91,2.14,1.03,2.9,1.75,0.65
198602,6.58,8.85,7.2,7.82,6.62,8.83,7.05,8.6,4.47,9.36,4.78,8.65,8.98,8.66,9.02,5.27,8.3,8.85,7.13
198603,5.86,5.9,4.62,5.62,5.45,5.86,5.6,4.71,3.17,6.7,6.22,4.64,5.35,6.43,6.8,4.48,4.36,5.01,4.88
198604,0.83,-2.33,-0.05,0.67,-0.8,-2.33,-0.56,-0.65,3.1,-0.39,1.07,-2.79,-1.92,-2.78,-2.01,0.81,-0.18,-1.05,-1.31
198605,6.02,5.41,4.15,6.15,5.87,5.25,3.86,5.36,3.5,7.32,5.84,5.9,5.49,4.98,5.39,2.45,5.19,5.51,4.62
198606,1.06,2.82,-0.38,1.46,1.66,2.68,1.7,-1,-0.21,2.17,0.47,2.99,2.37,3.02,2.95,0.51,-1.53,-0.55,1.03
198607,-7,-3.92,-7.73,-9.38,-4.23,-4.12,-5.04,-8.39,-11.13,-8.49,-4.76,-3.76,-4.77,-3.56,-3.58,-6.34,-8.4,-8.37,-6.45
198608,9.31,7.12,4.96,10.74,7.77,7.62,5.19,5,7.86,12.16,8.04,7.53,7.97,7.31,5.53,4.87,5.72,4.21,6.07
198609,-4.24,-9.09,-8.86,-3.77,-6.55,-9.1,-9.89,-8.33,-5.59,-2.9,-4.68,-8.27,-8.34,-9.75,-9.77,-10,-7.31,-9.47,-8.6
198610,6.07,5.54,4.52,4.27,6.4,5.16,6.49,3.75,4.79,4.02,7.71,5.15,5.16,5.16,6.82,6.18,1.44,6.39,4.66
198611,1.78,2.23,1.06,1.15,2.11,2.67,1.22,1.06,2.11,0.69,2.33,1.89,3.12,2.28,1.41,1.05,1.46,0.62,1.17
198612,-3.12,-2.21,-3.22,-2.52,-3.02,-2.12,-2.18,-3.76,-3.31,-2.14,-3.64,-2.4,-2,-2.22,-2.28,-2.09,-4.15,-3.34,-3.27
198701,11.41,13.15,13.09,13.32,11.44,13.13,13.42,12.84,15.08,12.48,9.72,13.12,12.77,13.45,13.22,13.62,11.33,14.49,12.47
198702,2.84,3.51,6.96,5.05,1.46,3.23,6.03,7.16,6.33,4.45,0.86,2.03,3.22,3.24,5.46,6.55,7.17,7.16,4.39
198703,5.78,1.49,1.24,6.4,4.18,1.29,0.83,1.33,6.92,6.15,5.2,3.2,1.15,1.4,0.6,1.04,2.09,0.53,1.64
198704,-0.66,-2.09,-1.45,-0.28,-1.16,-2.19,-2.09,-1.32,-2.39,0.75,-1.02,-1.3,-1.99,-2.36,-2.49,-1.73,0.42,-3.2,-2.11
198705,1.65,0.52,0.25,2.38,0.87,0.77,0.19,0.05,1.08,2.99,0.96,0.79,0.73,0.81,-0.33,0.66,0.81,-0.79,0.11
198706,4.87,5.39,3.67,4.42,4.9,5.67,4.72,3.47,2.48,5.33,5.31,4.48,5.59,5.73,5.41,4.09,2.41,4.67,3.94
198707,5.52,3.56,4.62,6.08,5.12,2.55,4.48,4.52,5.36,6.41,4.79,5.45,3.26,1.96,4.18,4.81,5.61,2.98,3.85
198708,3.52,4.05,4.5,1.63,5.12,3.82,4.44,4.47,0.35,2.2,5.95,4.28,3.24,4.31,4.33,4.57,5.14,3.5,3.52
198709,-1.17,-2.09,-2.86,-1.62,0.27,-2.78,-2.89,-3.04,-1.93,-1.49,-0.62,1.2,-0.5,-4.69,-3.21,-2.54,-2.3,-4.12,-2.59
198710,-22.22,-20.49,-25.02,-23.23,-19.7,-19.74,-23.44,-25.99,-27.58,-21.34,-21,-18.38,-17.46,-21.72,-23.67,-23.2,-24.45,-28.31,-23.24
198711,-8.43,-6.81,-7.88,-8.32,-6.26,-7.57,-7.34,-8.35,-8.61,-8.2,-8.57,-3.96,-7.76,-7.4,-7.61,-7.04,-8.11,-8.74,-7.77
198712,6.27,6.64,8.84,7.49,4.6,6.71,8.63,8.88,6.76,7.79,4.87,4.36,5.12,8.16,8.51,8.76,8.18,10.01,6.81
198801,6.04,4.24,4.05,6.61,4.72,4.43,4.75,3.2,6.83,6.52,5.37,4.1,6.24,2.83,3.98,5.56,2.78,3.85,4.21
198802,5.68,4.54,5.51,5.16,5.82,4.06,4.89,5.85,7.87,4.06,6.31,5.35,2.85,5.15,4.87,4.92,4.26,8.32,4.75
198803,-0.19,-2.88,-2.2,0.78,-1.69,-2.9,-2.74,-2.38,0.87,0.74,-1.36,-2.01,-2.2,-3.51,-3.56,-1.89,-3.46,-0.76,-2.27
198804,2.01,0.85,0.43,2,1.51,1.11,0.9,-0.28,0.85,2.48,2.02,1.02,0.9,1.3,0.17,1.66,-0.57,0.15,0.56
198805,-0.01,0.88,-0.05,-0.03,0.54,0.95,0.33,-0.13,-1.58,0.61,0.02,1.05,1.91,0.11,0.57,0.08,0.8,-1.49,-0.29
198806,2.23,5.71,6.6,1.25,4.11,6.64,5.18,7.08,3.17,0.49,3.43,4.77,6.05,7.17,4.6,5.77,6.43,8.05,4.79
198807,-0.46,-0.27,-1.77,-0.52,-0.09,0.03,-1.16,-2.29,-0.78,-0.33,-0.42,0.18,0.12,-0.07,-1.27,-1.04,-1.3,-3.47,-1.25
198808,-2.22,-2.34,-3.84,-1.86,-2.26,-2.36,-3.15,-3.86,-2.57,-1.34,-2.52,-2.05,-1.83,-2.98,-2.56,-3.82,-3.97,-3.72,-3.31
198809,3.31,4.13,4.24,2.49,4.35,3.12,5.09,4.09,3.17,2.01,4.02,4.62,2.4,3.98,5.65,4.44,4.7,3.35,3.3
198810,2.99,1.83,1.42,1.12,3.21,1.89,2.54,-0.31,0.88,1.3,4.56,2.16,1.73,2.08,1.41,3.84,0.17,-0.91,1.15
198811,-0.81,-1.57,-2.48,-1.94,-0.78,-1.55,-1.72,-3.03,-3.32,-0.96,0.1,-1.49,-1.53,-1.58,-1.69,-1.75,-3.1,-2.95,-2.29
198812,1.71,1.93,2.8,2.34,1.63,2.13,1.52,3.72,2.83,2.01,1.23,1.96,1.84,2.47,1.52,1.52,3.6,3.87,1.49
198901,7.06,6.22,7.12,6.85,6.47,6.2,7.12,6.67,6.65,6.98,7.22,5.85,6.23,6.17,6.58,7.76,6.07,7.42,6.1
198902,-0.2,-1.94,-2.28,0.2,-1.13,-2.03,-2.3,-2.03,-0.91,0.96,-0.5,-1.64,-1.89,-2.19,-2.03,-2.62,-2.61,-1.33,-2.25
198903,3.07,2.29,1.68,2.51,3.51,1.69,1.67,2.21,2.18,2.72,3.48,3.54,3,0.15,2.29,0.93,2.69,1.62,1.57
198904,4.87,5.11,5.2,4.27,5.72,4.11,5.32,5.79,3.74,4.61,5.32,6.06,3.52,4.81,6.12,4.36,6.15,5.34,4.33
198905,4.22,4.25,3.96,4.5,4.56,3.43,4.42,4.23,4.7,4.37,3.99,4.99,3.73,3.07,5.1,3.57,4.54,3.85,3.35
198906,-0.37,-0.21,-1.4,-0.28,0.2,0.37,-1.3,-2.09,-0.46,-0.17,-0.43,0.67,0.04,0.77,-2.02,-0.41,-1.44,-2.91,-1.35
198907,8.04,7.68,8.38,8.64,7.48,8.26,7.56,8.3,9.26,8.3,7.43,7.56,8.53,8.04,6.69,8.58,9.69,7.29,7.2
198908,1.99,1.85,2.59,2.46,1.23,1.74,2.15,3.08,3.93,1.65,1.5,0.87,2.14,1.4,2.83,1.37,2.6,3.43,1.44
198909,0.87,-0.47,-0.37,1.32,-0.16,0.31,-0.79,-0.57,0.16,1.96,0.4,-0.93,-1.31,1.68,-1.61,0.14,0.48,-1.35,-0.76
198910,-2.02,-3.42,-2.87,-3.28,-2.22,-2.78,-3.44,-2.85,-4.12,-2.82,-0.69,-4.37,-2.4,-3.09,-3.91,-2.92,-2.24,-3.31,-3.67
198911,2.65,1.77,1.05,2.41,2.58,2.31,0.35,1.39,3.47,1.84,2.9,2.11,1.45,3.04,0.48,0.2,1.63,1.21,1.03
198912,3.68,1.63,0.83,3.91,2.96,1.53,2.3,-0.17,2.22,4.83,3.45,2.23,1.95,1.18,1.36,3.35,-0.92,0.41,1.16
199001,-7.07,-7.13,-7.5,-7.85,-6.28,-8.15,-7.06,-7.09,-7.19,-8.2,-6.27,-6.31,-7.72,-8.51,-5.76,-8.52,-8.03,-6.39,-7.85
199002,1.77,1.53,1.6,2.24,1.32,0.8,1.61,2.26,2.13,2.3,1.3,1.35,0.34,1.19,3.07,-0.08,2.06,2.4,1.11
199003,2.21,2.14,3.06,2.75,1.75,2.48,2.11,3.23,2.13,3.07,1.66,1.88,2.02,2.86,1.69,2.61,2.17,4.01,1.83
199004,-3.73,-2.5,-2.08,-3.66,-3.91,-1.83,-2.91,-1.62,-3.07,-3.97,-3.79,-4.09,-1.76,-1.88,-2.58,-3.29,-1.07,-2.01,-3.36
199005,8.29,9.32,9.56,7.76,8.28,10.02,8.91,10,9.88,6.62,8.83,7.46,9.66,10.32,9.36,8.37,11.78,8.7,8.42
199006,-1.52,-0.35,0.01,-2.68,-0.61,0.69,-1.82,0.67,-1.61,-3.27,-0.34,-1.01,0.76,0.63,-1.86,-1.77,1.33,0.16,-1.09
199007,0.98,-0.84,-2.9,-0.19,0.44,-1.53,0,-4.01,-0.1,-0.24,1.82,-1.14,-1.95,-0.94,0.28,-0.51,-3.09,-4.98,-1.9
199008,-7.79,-9.11,-11.06,-9.15,-7.01,-9.73,-10.02,-10.87,-10.68,-8.46,-6.82,-7.23,-9.42,-10.16,-9.2,-11.45,-10.58,-11.18,-10.15
199009,-3.66,-4.25,-8.53,-6.62,-1.79,-4.01,-6.75,-8.53,-7.73,-6.13,-1.63,-1.98,-3.19,-5.16,-5.76,-8.54,-7.72,-9.41,-6.12
199010,-2.45,0.36,-2.78,-5.23,-0.53,0.71,-0.58,-3.04,-6.58,-4.64,-0.65,-0.39,0.34,1.25,0.29,-2.21,-2.97,-3.13,-1.92
199011,4.75,6.2,9.59,6.47,4.71,5.4,7.44,10.65,5.12,7.04,3.69,5.91,6.07,4.45,7.47,7.37,10.34,11,6.35
199012,2.25,2.58,4.53,3.03,2.06,2.2,3.64,4.54,0.86,3.93,1.75,2.41,2.27,2.1,3.18,4.52,4.33,4.77,2.46
199101,1.84,4.35,8.58,3.81,1.64,5.75,4.41,9.43,6.68,2.64,0.56,2.9,5.62,5.93,3.17,6.76,8.46,10.5,4.69
199102,7.43,7.23,8.27,9.2,6.66,7.13,7.34,8.75,11.24,8.34,6.24,7.13,6.72,7.72,7.41,7.2,7.58,10.02,7.19
199103,2.59,2.85,3.78,3.04,2.16,1.73,4,4.36,1.76,3.6,2.27,2.04,-0.09,4.34,4.82,2.48,3.94,4.8,2.65
199104,1.25,-0.16,0.44,0.35,0.84,-0.27,0.93,-0.49,0.55,0.26,1.88,-0.32,-1.51,1.45,0.07,2.56,-0.64,-0.33,-0.28
199105,1.72,3.94,5.65,2.52,1.74,3.72,5.61,5.16,2.12,2.69,1.17,2.39,3.71,3.72,4.99,6.73,4.67,5.68,3.65
199106,-3.83,-4.37,-5.06,-5.83,-2.95,-4.61,-4.4,-5.38,-7.42,-5.15,-2.42,-3.54,-5.5,-3.42,-4.44,-4.34,-4.4,-6.4,-4.94
199107,4.18,4.07,5.49,3.6,4.55,3.88,4.49,5.99,2.57,3.93,4.61,4.49,3.15,4.57,4.2,4.7,5.21,7.02,4.24
199108,2.91,1.9,3.61,2.06,2.99,1.39,2.53,4.32,1.35,2.29,3.53,2.48,1.63,1.17,2.59,2.49,4.15,4.53,2.32
199109,-0.51,-0.84,-1.62,-2.24,0.36,-0.22,-1.96,-1.71,-1,-2.64,0.74,0,0.4,-0.79,-2.65,-1.48,-1.97,-1.37,-1.59
199110,1.85,1.7,1.51,1.15,2.64,1.08,1.57,1.74,5.04,-0.13,2.33,2.95,1.37,0.81,2.2,1.13,1.09,2.58,1.29
199111,-3.22,-5.01,-2.53,-4.96,-2.98,-5.45,-3.89,-2.08,-4.73,-5.04,-2.03,-3.93,-5.07,-5.81,-4.77,-3.27,-2.34,-1.74,-4.19
199112,9.35,9.21,13.63,8.78,9.3,8.57,11.11,15.01,9.42,8.56,9.73,8.86,7.27,9.79,10.75,11.35,15.19,14.79,10.84
199201,2.4,-1.47,-0.42,8.42,-0.8,-1.81,-0.89,-0.49,11.92,7.22,-1.61,0.03,-1.78,-1.83,-1.73,-0.31,-1.62,0.98,-0.59
199202,2.89,1.47,0.77,5.18,1.27,1.64,0.87,0.84,4.2,5.53,1.21,1.33,2.21,1.12,1.2,0.64,0.94,0.7,1.09
199203,-1.92,-1.72,-2.7,-2.09,-1.93,-1.27,-1.25,-4.02,-2.89,-1.8,-1.8,-2.07,-1.54,-1.02,-2.4,-0.46,-2.68,-5.71,-2.66
199204,1.61,3.71,-0.15,-0.19,3.62,4.69,1.61,-1.35,-3.13,0.85,2.98,4.27,5.2,4.23,1.32,1.81,-0.45,-2.52,1.07
199205,0.5,0.63,0.69,1.21,0.55,0.84,0.27,0.78,0.01,1.61,-0.03,1.15,1.04,0.65,-0.16,0.55,0.49,1.16,0.3
199206,-1.92,-1.15,-2.73,-1.68,-1.46,-0.64,-2.27,-3.1,-2.58,-1.39,-2.09,-0.82,0.03,-1.26,-2.48,-2.14,-2.85,-3.43,-2.34
199207,3.38,3.97,4.4,3.47,3.61,4.2,4.33,4.17,3.72,3.33,3.32,3.76,5.53,2.73,3.59,4.78,4.37,3.97,3.77
199208,-3.71,-1.8,-2.03,-4.33,-1.98,-2.22,-1.12,-2.62,-4.97,-3.97,-3.22,-1.32,-1.47,-3.06,-1.31,-1.02,-2.96,-2.26,-2.38
199209,1.42,0.87,1.9,2.63,0.53,0.84,1.34,2.26,0.27,3.95,0.48,0.55,1.26,0.35,1.41,1.3,1.95,2.59,1.19
199210,2.31,-0.52,2.79,1.89,0.45,-1.58,2.32,3.2,1,2.37,2.64,-0.7,-2.16,-0.89,2.71,2.09,2.04,4.4,1.02
199211,3.76,3.13,5.53,4.55,2.83,3.2,3.84,6.44,3.48,5.11,3.15,2.65,2.08,4.48,3.63,3.97,6.14,6.75,4.13
199212,2.04,1.48,1.94,3.42,2.22,0.76,1.91,1.8,2.46,3.92,0.94,2.92,1.82,-0.43,1.46,2.18,2.36,1.23,1.53
199301,3.37,1.01,0.37,4.74,2.81,0.83,-1.2,1.17,4.39,4.92,2.26,3.11,0.65,1.05,-1.45,-1.04,1.2,1.14,0.93
199302,2.09,2.35,-1.93,1.62,3.26,1.86,0.06,-2.47,1.2,1.83,2.49,3.67,1.71,2.03,1.79,-0.97,-0.52,-4.44,0.12
199303,2.98,2.6,2.13,2.55,3.85,1.23,3.23,1.82,4.59,1.51,3.34,4.12,1.2,1.27,4.15,2.68,1.88,1.76,2.3
199304,-1.46,-2.01,-4.05,-1.19,-1.24,-2.5,-2.4,-4.91,-0.78,-1.4,-1.68,-1,-2.83,-2.14,-2.17,-2.54,-3.26,-6.64,-3.05
199305,2.91,2.19,4.11,3.08,2.28,2.05,2.43,5.23,3.42,2.9,2.76,2.02,1.41,2.77,2.83,2.19,5.13,5.33,2.89
199306,0.62,1.08,-0.3,1.31,0.76,0.87,1.2,-1.02,0.77,1.6,0.05,1.13,1.42,0.25,1.57,0.98,-1.3,-0.72,0.31
199307,0.77,0.65,-1.69,1.47,0.82,1.13,-0.7,-2.3,4.21,0.12,0.17,1.52,1.78,0.33,-0.75,-0.66,-2.54,-2.09,-0.34
199308,4.15,3.55,4,4.63,4.05,3.69,3.46,3.84,5.26,4.31,3.73,4.39,2.92,4.66,2.61,4.27,3.51,4.13,3.71
199309,0.77,-0.71,0.47,0.5,0.61,-0.39,-0.94,0.74,0.96,0.26,1.01,0.21,-0.55,-0.2,-1.96,0.03,-0.23,1.61,-0.12
199310,1.98,1.57,1.61,3.47,0.84,2.58,0.83,1.99,3.65,3.37,0.69,1,2.55,2.62,0.65,0.99,2.33,1.69,1.41
199311,-2.2,-1.85,-0.57,-1.82,-2.63,-1.07,-1.65,-0.22,-2.7,-1.37,-2.53,-2.72,-0.89,-1.29,-2.21,-1.13,-0.46,-0.01,-1.89
199312,1.66,2.02,1.87,1.67,1.33,2.5,2.53,1.3,0.98,2.01,1.65,0.99,2.92,1.99,2.23,2.81,1.73,0.92,1.65
199401,4.2,2.57,3.06,4.3,3.51,2.5,2.72,3.1,5.28,3.83,4.11,2.87,2.56,2.43,2.42,2.99,3.2,3,2.87
199402,-2.93,-3.01,-1.24,-2.57,-3.32,-3.11,-1.82,-1.28,-4.58,-1.62,-3.26,-3.38,-3.28,-2.9,-2.54,-1.17,-3.29,0.5,-2.55
199403,-4.18,-4.09,-4.94,-4.32,-3.88,-4.78,-3.78,-5.45,-5.41,-3.82,-4.05,-3.69,-4.86,-4.69,-3.42,-4.11,-4.58,-6.19,-4.78
199404,1.87,1.2,0.34,1.31,1.97,1.25,0.53,0.4,1.51,1.23,2.38,1.54,1.7,0.69,0.83,0.26,1.37,-0.45,0.68
199405,1.46,0.65,1.12,1.93,0.67,-0.51,2.18,0.72,0.75,2.46,1.03,0.28,0.22,-1.42,2.65,1.75,0.57,0.86,0.58
199406,-2.73,-1.68,-3.66,-2.79,-1.14,-2.51,-3.1,-3.62,-4.68,-1.97,-2.68,0.51,-2.42,-2.62,-2.4,-3.73,-3.27,-3.93,-3.03
199407,3.32,2.82,3.44,3.11,3.69,2.69,2.91,3.19,2.77,3.33,3.51,3.85,2.82,2.55,1.81,4.13,4.32,1.94,2.82
199408,4.17,3.7,5.43,6.05,3.36,2.98,4.29,5.93,5.38,6.48,2.41,4.23,2.83,3.16,4.5,4.07,3.42,8.78,4.01
199409,-1.72,-1.67,-2.67,-0.18,-2.38,-1.83,-2.39,-2.39,0.33,-0.5,-3.22,-1.62,-2.31,-1.28,-1.42,-3.44,-3.25,-1.44,-2.31
199410,1.35,1.82,2.08,0.8,2.06,1.34,1.66,2.5,-0.81,1.83,1.9,2.2,0.41,2.38,2.33,0.91,3.16,1.78,1.34
199411,-4.32,-3.16,-3.54,-4.33,-3.81,-3.5,-2.91,-3.49,-3.5,-4.84,-4.32,-3.36,-4.81,-2.05,-2.21,-3.68,-3.83,-3.12,-4.04
199412,1.29,1.54,1.11,1.73,0.9,1.67,1.41,1.24,1.71,1.74,0.86,0.94,1.83,1.49,2.02,0.74,1.79,0.64,0.86
199501,1.32,2.42,2.68,0.76,2.62,2,2.92,2.32,2.3,-0.21,1.88,3.29,1.71,2.31,2.21,3.73,2.73,1.87,1.8
199502,4.56,3.66,4.24,4.6,3.91,4.19,2.94,4.69,4.59,4.61,4.51,3.39,3.64,4.77,2.92,2.96,5.23,4.1,3.63
199503,3.84,2.05,2.53,3.75,3.01,1.81,2.02,2.82,1.68,5.06,3.93,2.2,2.18,1.43,2.32,1.69,1.92,3.84,2.19
199504,3.02,2.74,2.15,3.68,3.01,2.21,2.57,2.08,1.65,4.93,2.36,3.6,1.76,2.68,2.74,2.38,1.66,2.54,2.11
199505,3.3,3.53,3.7,2.5,3.94,2.85,3.97,3.84,4.01,1.61,4.1,3.79,2.09,3.64,4.56,3.3,4.09,3.56,2.9
199506,1.48,2.02,5.23,3.05,0.78,2.66,2.66,5.61,3.46,2.81,-0.06,1.53,2.63,2.68,1.37,4.13,4.63,6.69,2.72
199507,3.69,3.01,5.68,3.46,2.35,4.04,4.04,6.02,4.51,2.28,4.04,0.83,3.9,4.19,2.95,4.96,4.58,7.6,3.72
199508,1.58,0.84,0.8,1.75,1.09,0.27,1.66,0.62,2.02,1.44,1.34,0.85,-0.35,0.99,2.21,1.2,0.02,1.26,0.55
199509,3.67,4.08,3.69,3.8,4.38,4.06,3.14,3.85,4.89,2.56,3.48,5.23,3.38,4.82,2.91,3.33,4.3,3.38,3.35
199510,-1.46,-0.49,-1.52,-1.96,-0.71,0.56,-2.36,-1.32,-1.26,-2.78,-0.73,-0.69,1.15,-0.09,-2.86,-1.95,-1.61,-1.01,-1.52
199511,4.9,5.27,2.95,5.19,4.62,5.51,4.91,2.21,4.84,5.61,4.48,4.75,5.52,5.5,5.29,4.6,2.83,1.54,3.96
199512,3.2,2.34,-0.62,4.63,1.62,2.76,1.27,-1.35,5.98,3.09,1.14,2.07,3.23,2.23,1.6,0.99,-1.5,-1.19,1.03
199601,3.91,2.73,2.02,3.28,3.6,2.76,2.89,1.63,3.49,3.03,4.84,2.47,2.06,3.57,2.94,2.85,2.4,0.8,2.26
199602,1.15,1.01,3.13,0.49,1.44,0.83,2.97,2.68,-0.2,1.3,2.11,0.82,0.99,0.65,1.66,4.11,1.54,3.92,1.33
199603,0.78,1.27,1.13,0.99,1.03,0.99,1.6,0.93,0.97,1.02,0.48,1.55,1.77,0.11,1.65,1.55,0.59,1.3,0.73
199604,1.93,1.02,3.99,3.1,0.58,0.84,1.63,5.08,3.87,2.2,0.24,0.9,1.44,0.13,1.6,1.67,4.17,6.06,2.06
199605,1.87,2.34,3.69,2.4,1.67,2.09,3.58,3.55,3.6,0.98,1.08,2.22,2.21,1.94,3.09,4,4.12,2.96,2.36
199606,0.03,0.13,-1.58,0.16,0.55,0.64,-1.14,-2.24,0.16,0.15,-0.17,1.21,1.19,-0.02,-2.33,-0.15,-1.13,-3.43,-1.14
199607,-4.49,-4.63,-6.72,-4.84,-4.3,-3.81,-5.54,-7.49,-5.92,-4,-3.93,-4.68,-4.02,-3.65,-6.05,-5.05,-4.54,-10.2,-5.97
199608,1.76,2.81,4.31,2.47,1.07,3.4,3.64,4.27,1.22,3.42,0.65,1.48,4.18,2.79,2.85,4.39,3.4,5.12,2.77
199609,3.91,4.45,7.09,4.12,3.56,4.42,5.58,7.65,2.53,5.31,3.57,3.56,4.78,4.14,5.23,5.91,8.01,7.3,5.01
199610,2.71,2.43,-0.33,2.19,3.36,3.06,0.8,-0.9,2.07,2.28,3.55,3.17,2.66,3.37,0.7,0.89,0.34,-2.1,0.86
199611,6.28,6.81,7.28,6.58,5.88,6.89,6.23,8.28,5.02,7.71,5.8,5.96,5.76,7.77,7.39,5.15,9.71,6.86,6.25
199612,-0.08,-1.07,-2.16,-0.89,0.53,-1.35,-2.2,-1.76,1.04,-2.26,1.2,-0.15,-0.92,-1.67,-1.34,-3.02,-0.52,-3.01,-1.7
199701,5.1,5.28,5.98,5.59,4.71,5.77,4.7,6.47,4.65,6.28,4.32,5.11,6.9,4.93,4.52,4.87,8.94,3.93,4.99
199702,0.85,1.4,-1.7,0.23,0.73,2.62,1.02,-3.06,1.64,-0.8,1.84,-0.38,2.69,2.57,0.65,1.38,-2.74,-3.4,-0.49
199703,-3.95,-4.32,-5.09,-4.54,-2.24,-4.94,-4.59,-5.74,-4.97,-4.22,-3.03,-1.45,-5.76,-4.32,-5.55,-3.67,-4.47,-7.13,-5.03
199704,3.14,5.51,4.82,4.23,2.16,5.83,6.01,4.8,2.22,5.66,1.49,2.83,6.57,5.28,7.24,4.85,8.52,0.63,4.04
199705,6.12,5.98,8.66,5.96,6.15,6.37,6.54,9.07,5.28,6.42,6.36,5.95,7.64,5.41,5.27,7.77,6.67,12,6.74
199706,4.36,4.6,3.84,4.52,4.15,5.45,4.44,3.07,4.66,4.43,4.09,4.21,4.45,6.22,3.3,5.51,2.69,3.52,4.1
199707,6.34,6.79,9.94,6.16,6.58,6.12,7.84,11.08,6.17,6.16,6.5,6.67,4.51,8.09,8.23,7.41,13.58,8.19,7.33
199708,-3.67,-4.59,-3.01,-2.78,-4.12,-4.88,-4.85,-2.2,-0.07,-4.7,-4.47,-3.72,-5.55,-4.09,-4.83,-4.86,-2.17,-2.24,-4.15
199709,5.65,5.48,6.19,5.93,5.62,5.36,6.15,5.83,5.71,6.09,5.4,5.86,5.37,5.35,5.35,7.03,4.76,7.13,5.35
199710,-3.34,-2.34,-4.68,-2.99,-3.63,-2.21,-2.98,-4.67,-1.77,-3.87,-3.66,-3.6,-2.02,-2.44,-1.39,-4.69,-6.05,-3.02,-3.8
199711,4.2,4.03,2.57,4.17,4.07,3.6,5.21,1.31,4.39,4,4.23,3.89,4.84,2.17,4.94,5.51,2.61,-0.2,2.98
199712,3.24,2.61,-0.23,2.78,3.17,2.69,1.8,-0.81,1.35,3.87,3.66,2.61,1.85,3.7,2.45,1.07,-2.76,1.54,1.32
199801,-0.24,0.07,2.19,1.14,-1.31,-0.09,1.56,2.42,0.29,1.78,-1.5,-1.11,0.56,-0.87,1.44,1.69,4.18,0.36,0.15
199802,5.5,7.63,8.44,4.84,6.11,7.02,8,9.72,5.28,4.51,6.12,6.1,5.17,9.2,10.1,5.63,11.19,7.93,7.04
199803,3.94,5.95,4.87,5.62,3.98,6.05,6.23,4.13,5.48,5.72,2.4,5.79,5.99,6.12,5.92,6.58,3.08,5.43,4.76
199804,0.29,1.14,1.97,-1.45,1.02,0.42,2.16,2.51,-0.96,-1.81,1.92,0.04,-0.31,1.25,3.35,0.76,2.23,2.85,0.73
199805,-1.37,-1.62,-4.07,-0.8,-1.59,-1.42,-2.56,-4.59,-1.57,-0.24,-1.88,-1.27,-1.25,-1.62,-2.27,-2.91,-3.96,-5.38,-3.07
199806,2.03,3.1,5.67,0.91,1.69,3.82,4.37,6.21,-2.75,3.57,3.06,0.17,3.32,4.38,4.29,4.48,7.97,3.93,3.18
199807,-1.98,-1.9,-2.17,-3.11,-0.91,-1.26,-3.74,-2.03,-2.27,-3.89,-0.84,-0.98,-2.37,-0.54,-5.07,-2.49,-0.77,-3.83,-2.46
199808,-12.06,-15.25,-18.57,-14.09,-12.76,-15.01,-16.14,-19.45,-17.2,-11.19,-10.07,-15.39,-12.74,-16.46,-15.71,-16.54,-17.95,-21.65,-16.08
199809,7.05,4.52,9.02,7.95,3.82,5.68,7.37,9.23,9.52,6.59,6.2,1.34,7.48,4.45,6.11,8.52,10.55,7.19,6.15
199810,6.95,8.76,5.99,6.01,9.15,8.02,8.09,5.11,7.51,4.68,7.83,10.64,6.98,8.77,8.2,7.99,4.4,6.25,7.13
199811,6.48,5.18,8.35,6.97,5.58,4.76,8.49,7.46,8.56,5.6,6.02,5.1,4.85,4.71,6.46,10.32,8.64,5.59,6.1
199812,4.06,6.41,8.71,5.39,5.45,5.4,7.93,8.47,8.71,2.44,2.84,8.38,3.84,6.48,6.44,9.22,9.32,7.07,6.16
199901,-0.59,1.79,9.66,1.31,0.94,0.01,4.95,11.05,4.23,-1.45,-2.44,4.39,-0.18,0.14,2.88,6.71,14.19,5.92,3.5
199902,-2.55,-1.54,-7.47,-1.72,-3.26,0.09,-4.6,-8.38,-1.55,-1.89,-3.38,-3.16,1.03,-0.54,-3.54,-5.47,-9.83,-5.82,-4.08
199903,4.27,2.66,4.72,5.93,2.75,2.27,3.75,5.04,10.5,1.56,2.62,2.88,0.91,3.21,3.41,4.03,6.83,2,3.45
199904,6.45,3.99,3.41,6.26,3.95,4.35,4.57,3.76,1.58,11.13,6.65,1.38,4.1,4.52,6.87,2.67,-0.76,11.82,4.33
199905,-0.63,-1.35,-3.11,-2.64,0,-2.62,-0.86,-2.92,-4.09,-1.26,1.45,-1.46,-1.92,-3.08,2.23,-3.51,-2.27,-3.94,-2.46
199906,2.56,4.56,8.13,2.29,2.85,5.04,6.64,8.36,2.46,2.13,2.82,2.88,3.75,5.92,5.51,7.65,9.23,6.92,4.77
199907,-2.34,-1.9,-5.11,-0.67,-3.37,-0.9,-3.42,-5.73,-1.81,0.05,-4.76,-2.05,0.71,-2.47,-3.42,-3.43,-3.1,-7.59,-3.49
199908,-2.62,-0.15,-1.08,-2.24,-2.5,0.4,-0.63,-0.89,-3.48,-1.47,-3.21,-1.84,0.28,0.52,0.05,-1.58,1.55,-2.69,-1.38
199909,-3.32,-2.79,-1.63,-2.96,-2.56,-5.78,0.61,-2.13,-2.22,-3.41,-3.85,-1.39,-5.22,-6.34,1.26,-0.31,-4.06,-0.65,-2.79
199910,4.48,5.45,8.68,3.26,4.74,2.72,10.47,8.38,7.63,0.58,6.34,3.33,-0.31,5.74,11.19,9.47,4.21,11.48,6.12
199911,1.3,2.67,4.75,1.36,2.07,4.28,2.29,4.55,0.55,1.89,1.21,2.86,2.3,6.15,0.17,5.26,3.11,5.56,3.37
199912,2.35,5.87,11.61,5.23,2.18,2.98,9.23,13.14,8.65,2.79,-1.65,5.61,0.77,5.01,10.43,7.62,17.02,10.49,7.72
200001,-1.54,-4.57,-5.29,-1.82,-1.65,-3.49,-5.25,-6.49,-2.56,-1.26,-1.14,-2.07,1.47,-7.85,-7.6,-1.98,-9.13,-4.57,-4.74
200002,-1.54,-0.87,6.21,2.26,-2.27,0,0.46,6.25,8.97,-2.66,-7.15,1.81,1.69,-1.64,-3.89,6.13,4.86,7.2,2.45
200003,8.23,7.9,6.83,5.2,9.73,5.61,8.37,7.86,2.66,7.29,13.16,7.12,9.06,2.15,11.97,4.1,10.91,5.8,5.2
200004,-3.07,-0.48,-8.86,-2.62,-3.36,-0.35,0.86,-12.35,-6.25,0.47,-3.72,-3.06,-0.37,-0.32,0.98,0.71,-15.78,-9.91,-6.4
200005,-2.72,-0.85,-5.92,-0.86,-3.76,-1.58,-1.2,-6.64,-4.42,1.94,-5.46,-2.4,-0.28,-2.97,1.2,-4.22,-6.18,-6.94,-4.42
200006,1.46,1.48,7.96,2.28,-1.23,2.48,5.39,7.44,6.99,-1.25,0.19,-2.37,5.13,-0.43,2.37,9.19,11.33,4.84,4.64
200007,0.31,-1.04,-3.25,-1.38,2.1,-1.34,-2.54,-3.22,-1.84,-0.91,2.74,1.73,-1.16,-1.54,-2.03,-3.39,-3.13,-3.26,-2.51
200008,7.36,5.1,9.5,7.07,6.19,4.38,6.94,9.69,7.02,7.11,7.77,5.24,6.28,2.36,5.96,8.57,10.66,9.27,7.03
200009,-0.38,-0.69,-8.71,-2.3,-1.24,-0.63,0.44,-10.46,0.13,-4.69,2.24,-3.38,-1.85,0.72,0.62,0.16,-17.11,-7.53,-5.45
200010,1.16,0.28,-4.73,-0.53,1.23,-0.07,-0.2,-5.34,-1.96,0.98,3.28,-0.1,-1.09,1.03,0.91,-1.99,-2.87,-6.31,-2.76
200011,-3.08,-4.01,-15.92,-5.92,-1.41,-2.91,-6.51,-17.9,-8.47,-3.26,0.34,-2.58,-5.8,0.14,-6.09,-7.22,-13.84,-19.57,-10.72
200012,6.73,4.42,-2.29,6.48,5.14,5.39,4.49,-4.48,5.66,7.27,7,3.85,6.97,3.83,3.49,6.2,-0.03,-6.44,1.19
200101,-0.88,1.16,7.17,1.11,2.27,1.51,-0.18,8.52,-0.17,2.32,-3.17,6.01,1.61,1.41,-1.77,2.5,4.21,10.57,3.13
200102,-1.91,-4.02,-16.41,-3,-2.53,-3.91,-6.1,-18.45,-3.42,-2.61,-0.61,-3.74,-4.96,-2.82,-4.32,-8.98,-15.98,-19.57,-10.05
200103,-4.31,-4.91,-9.41,-3.94,-3.7,-4.02,-6.84,-10.34,-4.11,-3.77,-4.76,-3.02,-3.29,-4.76,-7.12,-6.36,-5.82,-12.48,-7.26
200104,5.3,6.22,11.07,6.52,6.55,4.05,7.49,12.5,6.88,6.2,3.85,8.27,2.98,5.16,8.02,6.61,9.67,13.94,7.94
200105,3.12,1.67,-0.15,3.63,2.45,2.33,1.2,-1,3.46,3.78,2.5,2.42,2.53,2.13,0.38,2.61,-3.72,0.35,0.72
200106,-1.95,-2.41,-0.45,-1.34,-2.11,-2.17,-2.16,-0.42,0.23,-2.77,-2.71,-1.74,-0.7,-3.68,-3.11,-0.57,-0.52,-0.37,-1.94
200107,-1.85,0.22,-3.43,-2.57,-0.72,-0.21,1.53,-4.27,-0.8,-3.83,-0.06,-0.93,1.28,-1.09,2.59,0.46,-1.9,-6.02,-2.13
200108,-2.34,-3.33,-9.42,-2.19,-3.16,-3.05,-5.19,-10.08,-3.17,-1.48,-2.71,-3.31,-3.18,-2.98,-3.94,-6.48,-7.72,-11.9,-6.46
200109,-8.66,-6.22,-11.38,-7.8,-7.13,-7.25,-5.48,-12.48,-8.24,-7.48,-10.76,-5.95,-4.72,-8.77,-4.32,-6.71,-10.92,-13.73,-9.25
200110,0.82,1.16,4.63,0.96,2.64,0.74,-0.67,6.01,0.65,1.18,0.49,3.3,0.34,0.99,-0.43,-0.93,4.96,6.89,2.46
200111,8.33,6.11,9.24,7.97,4.97,7.49,6.3,9.88,8.07,7.9,9.23,3.7,4.77,9.24,6.13,6.48,9.77,9.97,7.54
200112,2.5,2.11,1.08,1.95,2.79,3.11,1.18,0.67,4.14,0.47,3.86,2.45,3.99,2.57,-0.4,2.9,3.14,-1.35,1.6
200201,0.23,-1.08,-1.48,-0.2,-1.38,-0.07,-0.73,-1.94,2.77,-2.28,1.29,-2.22,1.22,-0.88,-1.92,0.54,-0.62,-3.07,-1.44
200202,-0.4,0.62,-4.95,-0.74,0.72,0.6,-0.91,-5.57,-1.71,-0.03,0.43,0.81,1.24,0.19,0.45,-2.32,-2.84,-7.97,-2.29
200203,5.95,3.07,5.16,5.46,4.91,3.09,3.33,5.18,5.76,5.23,7.16,4.19,2.32,3.59,1.67,5.09,4.48,5.84,4.24
200204,-1.62,-3.11,-8.07,-2.17,-4.82,-1.65,-4.21,-8.57,-1.68,-2.53,-0.32,-6.3,2.36,-4.22,-2.46,-6,-7.32,-9.71,-5.2
200205,-0.12,-0.54,-2.34,-0.35,0.7,-1.18,-0.41,-2.89,-1.18,0.24,0.41,0.8,-0.92,-1.37,-0.7,-0.1,-1.49,-4.22,-1.38
200206,-5.18,-7.07,-7.59,-5.84,-4.5,-8.86,-5.95,-7.97,-6.32,-5.5,-3.69,-4.78,-7.13,-10.04,-5.79,-6.13,-5.78,-10.1,-7.21
200207,-9.08,-7.62,-7.79,-8.98,-8.1,-7.51,-7.31,-8.75,-8.26,-9.52,-9.18,-6.38,-9.42,-5.79,-8.56,-6.55,-6.27,-11.35,-8.18
200208,-1.14,1.64,0.66,-1.11,0.19,0.17,1.24,1.23,1.92,-3.41,-1.16,2.29,-1.98,2.02,3.45,-0.07,1.56,0.86,0.5
200209,-12.13,-9.66,-9.93,-12.97,-10.55,-10.77,-9.78,-9.28,-12.76,-13.15,-11.3,-9.43,-8.83,-12.38,-8.18,-10.78,-9.55,-8.96,-10.35
200210,9.33,7.04,8.34,9.52,8.5,7.62,8.63,6.8,10.91,8.4,9.15,7.56,11.02,4.69,5.9,10.37,6.62,7,7.84
200211,10.67,5.72,4.07,13.09,6.71,6.15,5.2,3.56,12.35,13.69,8.36,4.26,6.14,6.16,6.01,4.71,1.69,5.66,5.96
200212,-7.66,-4.6,-5.74,-11.21,-4.18,-3.97,-6.05,-5.33,-10.01,-12.21,-4.15,-4.21,-4.56,-3.43,-5.71,-6.27,-3.71,-7.08,-5.76
200301,-1.88,-2.66,-3.07,-1.88,-1.69,-2.91,-3.41,-2.64,-2.72,-1.16,-1.88,-1.39,-3.36,-2.49,-3.09,-3.61,-2.26,-3.06,-2.57
200302,-2.15,-2.29,-1.43,-0.42,-3.11,-2.74,-1.21,-1.86,-1.45,0.44,-3.75,-2.13,-3.29,-2.23,-1.72,-0.89,-0.81,-3.04,-1.88
200303,0,0.71,2.15,-0.69,1,-1.21,2.84,1.68,0.28,-1.48,0.65,1.52,0.14,-2.44,2.98,2.75,3.06,0.09,1.09
200304,9.27,7.52,8.56,10.53,7.08,8.02,8.37,8.57,10.16,10.79,8.17,5.47,6.94,9.03,8.1,8.54,7.03,10.42,8.22
200305,9.16,5.77,5.18,11.66,6.24,8.38,3.06,6.6,14.17,9.88,6.92,5.21,5.18,11.29,2.52,3.39,4.87,8.6,6.05
200306,0.86,1.65,1.59,-0.14,0.68,1.95,3.02,0.43,0.19,-0.38,1.79,-1.04,0.96,2.81,2.89,3.09,-0.69,1.68,1.42
200307,3.46,2.26,2.08,3.61,2.24,2.21,2.97,1.28,3.38,3.82,3.12,1.8,1.31,2.59,2.6,3.39,0.25,2.97,2.35
200308,4.84,2.62,1.29,5.74,4.48,2.12,1.21,1.81,6.9,4.71,2.87,5.28,3.14,1.7,1.87,0.46,1.48,2.34,2.34
200309,-1.96,-1.38,-0.45,-2.19,-3.15,-0.91,-0.43,-0.56,-3.95,-0.59,-1.44,-3.99,-1.08,-0.84,-0.57,-0.27,0.37,-2.05,-1.24
200310,7.95,6,5.76,8.07,8.72,5.2,5.38,5.99,7.85,8.26,7.67,9.24,5.83,4.94,5.37,5.39,5.37,7,6.08
200311,2.97,1.49,0.73,3.59,1.22,2.05,0.64,0.98,3.94,3.28,1.6,1.04,3.76,1.33,0.91,0.32,1.33,0.43,1.35
200312,5.05,4.19,4.36,4.8,5.14,4.52,4.28,3.7,3.95,5.56,5.61,4.91,2.6,5.35,3.28,5.42,3.83,3.5,4.29
200401,4.34,1.24,2.54,5.07,0.74,1.08,1.97,3.16,5.9,4.36,2.7,-0.23,2.59,0.45,2.34,1.55,3.28,2.95,2.15
200402,0.79,1.72,1.43,0.48,0.01,2.34,1.87,1.39,-0.64,1.49,1.49,-0.74,2.31,2.35,2.2,1.5,1.31,1.5,1.4
200403,-1.56,-1.08,-1.31,-2.02,-1.71,-0.84,-1.48,-0.7,-2.14,-1.92,-0.51,-2.33,-0.93,-0.8,-0.74,-2.31,-1.18,0.09,-1.32
200404,-3.47,-1.81,-1.05,-4.42,-1.42,-1.06,-1.64,-1.77,-6.04,-2.91,-1.45,-1.41,-1.15,-1.02,-3.17,0.13,-1.03,-2.96,-1.83
200405,1.87,0.84,1.59,2.65,0.93,0.44,1.32,1.67,2.63,2.66,0.27,1.27,-0.8,0.96,1.2,1.45,1.53,1.91,1.17
200406,1.94,1.78,2.04,1.67,2.13,2.03,1.85,1.79,1.83,1.52,2.52,1.93,2.92,1.65,1.31,2.44,2.25,1.04,1.86
200407,-5.74,-3.47,-3.69,-6.86,-3.89,-3.37,-2.51,-5.08,-8.21,-5.76,-3.66,-4.09,-3.13,-3.69,-3.31,-1.88,-3.05,-7.01,-4.06
200408,-1.41,0.34,0.63,-2.13,0.36,-0.45,1.05,0.54,-2.5,-1.83,-0.12,0.76,-1.21,0.53,1.45,0.75,0.82,0.26,0.08
200409,0.75,1.72,2,0.5,2.49,1.57,0.83,3.03,-1.19,1.84,1.2,3.58,1.11,2.14,1,0.71,2.62,3.44,1.6
200410,2.54,1.63,1.05,3.03,2.59,0.96,1.83,0.43,2.88,3.14,1.68,3.37,1.25,0.6,1.83,1.83,1.04,-0.17,1.43
200411,4.9,4.77,4.63,4.8,4.8,5.23,3.92,5.31,6.17,3.75,5.09,4.55,3.79,7.06,4.11,3.76,5.32,5.3,4.54
200412,3.59,3.7,3.45,4.38,3.17,3.7,3.22,3.82,4.15,4.56,2.22,3.98,3.92,3.44,3.55,2.96,4.23,3.41,3.43
200501,-4.23,-1.93,-2.64,-5.28,-2.5,-1.85,-1.17,-4.09,-6.17,-4.57,-2.35,-2.62,-2.72,-0.78,-1.69,-0.76,-1.96,-6.28,-2.76
200502,1.87,2.31,2.03,2.07,1.69,3.38,1.89,1.45,2.82,1.48,1.54,1.81,3.52,3.22,0.79,2.76,1.59,1.3,1.89
200503,-0.75,-1.33,-2.52,-1.16,-0.83,-1.56,-2.26,-1.86,-1.98,-0.52,-0.05,-1.49,-2.14,-0.85,-0.85,-3.35,-2.29,-1.39,-1.97
200504,-3.05,-2.27,-2.18,-3.49,-2.26,-3.32,-1.53,-2.05,-2.93,-3.91,-2.32,-2.22,-3.37,-3.26,-0.49,-2.35,-2.71,-1.33,-2.61
200505,4.52,3.34,4.14,5.32,3.75,3.75,2.47,5.28,4.68,5.81,3.19,4.24,4.02,3.42,2.2,2.69,4.48,6.12,3.65
200506,0.84,0.43,0.96,1.56,0.96,0.29,0.02,1.55,1.92,1.29,-0.38,2.11,0,0.62,-0.21,0.21,2.35,0.71,0.57
200507,3.47,4.36,4.33,3.93,3.59,3.29,4.42,5.29,4.38,3.62,2.91,4.34,3.24,3.34,6.25,3.06,6.03,4.52,3.92
200508,-1.01,-0.98,-0.92,-1.15,-1.25,-1.4,0.15,-1.69,0.11,-2.01,-0.84,-1.7,-0.36,-2.24,0.23,0.1,-1.68,-1.71,-1.22
200509,0.44,0.43,1.52,0.71,-0.18,-0.02,1.34,1.92,1.61,0.09,0.1,-0.5,-0.31,0.23,1.81,0.98,2.33,1.49,0.49
200510,-2.87,-1.97,-0.88,-2.84,-1.99,-1.07,-2.16,-1.03,-3.75,-2.19,-2.91,-0.97,-2.02,-0.32,-4.11,-0.69,-2.38,0.41,-2.02
200511,3.68,2.95,5.18,2.95,4.76,2.05,4.58,4.87,2.22,3.44,4.58,4.95,1.46,2.51,3.22,5.57,4.14,5.63,3.61
200512,-0.14,-0.03,0.12,0.62,-0.64,0.62,-0.61,0.45,1.06,0.32,-1.06,-0.2,1.56,-0.1,-1.04,-0.3,0.32,0.58,-0.25
200601,3.67,3.24,3.38,4.76,2.1,2.56,3.47,4.3,5.75,4.1,2.34,1.84,3.59,1.76,5.34,2.16,5.57,3.02,3.04
200602,1.05,0.41,-0.76,1,0.66,1.26,-0.68,-0.92,0.81,1.13,1.12,0.14,1.56,1.02,-0.88,-0.53,-0.84,-1.01,-0.3
200603,1.91,1.4,2.25,2.61,1.52,0.7,2.31,2.16,2.24,2.86,1.03,2.06,0.41,0.93,2.21,2.38,1.95,2.39,1.46
200604,1.24,0.94,1.15,1.23,0.67,0.97,1.3,1.13,1.94,0.76,1.25,0.04,0.8,1.1,1.47,1.18,0.99,1.28,0.73
200605,-2.6,-1.73,-4.71,-2.6,-2.2,-1.17,-3.1,-5.68,-1.65,-3.21,-2.6,-1.76,-2.03,-0.51,-2.64,-3.42,-5.83,-5.54,-3.57
200606,0.23,0.03,0.16,0.18,0.42,-0.21,-0.03,0.39,1.06,-0.39,0.3,0.56,0.33,-0.63,0.1,-0.12,-0.01,0.79,-0.35
200607,-0.77,0.77,-1.54,-0.48,-0.21,1.26,-1.71,-1.11,-1.37,0.77,-1.25,1.05,1.86,0.37,-0.97,-2.22,-0.83,-1.34,-0.78
200608,4.17,2.31,1.18,4.99,2.61,2.98,0.75,1.21,4.45,5.73,2.76,2.44,2.65,3.47,0.2,1.13,1.88,0.65,2.03
200609,2.97,1.69,2.37,3.08,2.59,1.29,2.55,2.07,3.54,2.46,2.78,2.36,1.1,1.59,2.13,2.84,1.97,2.16,1.84
200610,3.66,3.59,3.52,3.27,3.61,4.21,2.35,4.4,3.12,3.47,4.34,2.76,4.76,3.38,2.71,2.09,3.51,5.15,3.23
200611,1.46,1.9,3.06,2.04,0.61,2.19,1.88,3.94,1.48,2.81,0.44,0.82,2.9,1.12,2.3,1.59,3.08,4.64,1.71
200612,2.29,1.72,-0.43,2.01,2.48,1.9,0.59,-0.97,2.81,0.91,2.78,2.11,1.73,2.16,0.72,0.5,-0.04,-1.73,0.87
200701,1.62,1.6,2.23,1.27,2.75,0.69,1.87,2.62,1,1.68,2.22,3.39,-0.12,1.95,2.31,1.56,2.8,2.48,1.4
200702,-2.34,-1.47,-0.94,-1.85,-2.45,-1.68,-0.89,-0.89,-2.09,-1.49,-3.16,-1.58,-1.82,-1.46,-0.69,-1.03,-0.57,-1.16,-1.96
200703,0.49,0.88,2.05,0.72,0.44,1.28,0.75,2.4,0.59,0.92,0.1,0.84,2.14,-0.01,-0.26,1.46,2.1,2.65,0.68
200704,5.05,3.99,3.26,5.25,4.02,4.4,3.45,3.23,5.01,5.59,4.71,3.2,4.94,3.56,3.67,3.3,2.5,3.83,3.49
200705,2.98,3.41,4.49,3.44,3.13,2.94,3.39,5.32,3.44,3.44,2.2,4.24,3.41,2.23,3.85,3.08,4.87,5.69,3.24
200706,-1.38,-2.12,-1.2,-1.19,-2.35,-1.76,-1.45,-1.32,-0.44,-2.27,-1.73,-3.06,-1.89,-1.54,-2.1,-1,-2.09,-0.72,-1.96
200707,-3.88,-2.95,-3.43,-3.85,-3.21,-3.05,-4.26,-2.74,-4.48,-3.52,-3.93,-2.4,-1.91,-4.63,-3.33,-5.06,-3.77,-1.79,-3.73
200708,1.43,1.26,1.51,0.67,1.34,1.67,0.91,2.03,-0.8,1.42,2.46,0.08,1.97,1.24,1.64,0.28,2.27,1.81,0.92
200709,1.83,3.82,4.4,2.56,2.76,3.48,3.23,4.93,2.82,2.43,0.84,4.93,4.26,2.35,3.37,3.1,3.52,6.21,3.22
200710,2.7,1.84,2.08,1,3.28,1.27,2.28,2.42,-0.43,1.71,5.03,1.33,1.69,0.63,3.51,1.22,0.39,4.24,1.8
200711,-4.95,-3.64,-5.07,-3.69,-5.18,-2.91,-4.4,-5.62,-5.55,-2.8,-6.59,-3.56,-3.01,-2.76,-5.16,-3.71,-5.56,-5.66,-4.83
200712,-1.19,-0.97,0.09,-1.98,-0.62,-0.06,-1.17,0.08,-2.16,-1.89,-0.13,-1.17,0.63,-1.08,-2.62,0.11,-1.91,1.8,-0.87
200801,-5.85,-5.12,-6.96,-4.4,-6.32,-6.75,-3.51,-7.9,-5.59,-3.86,-7.76,-4.69,-7.2,-6.06,-2.2,-4.63,-5.05,-10.27,-6.36
200802,-4.1,-2.01,-3.42,-1.57,-5.19,-0.75,-4.34,-2.87,-1.32,-1.68,-7.57,-2.6,0.56,-2.73,-3.9,-4.73,-1.28,-4.27,-3.09
200803,-1.29,-0.1,-0.84,-1.11,0.19,-1.03,-0.7,-0.76,-2.74,-0.38,-1.54,1.98,-1.33,-0.56,-0.33,-1.03,-2.25,0.59,-0.93
200804,2.74,4.1,6.39,2.57,1.64,5.58,6,6.23,3.65,2.09,3,0.27,6.94,3.5,5.11,6.79,5.46,6.91,4.6
200805,3.03,1.28,2.13,3.41,1.27,2.35,-0.1,3.2,3.06,3.58,2.48,0.02,0.93,4.63,0.37,-0.51,2.08,4.18,1.86
200806,-8.28,-8.34,-8.45,-8.5,-8.43,-6.9,-9.39,-8.54,-9.12,-8.22,-7.97,-8.92,-5.03,-9.83,-10.7,-8.22,-8.73,-8.37,-8.44
200807,-0.5,-1.37,0.22,-2.28,1.4,-0.56,0.11,-2.44,-4.54,1.03,1.15,1.84,0.85,-1.4,-3.52,4.05,0.76,-5.12,-0.77
200808,3.01,1.52,0.89,3.43,2.42,1.72,1.4,0.26,3.92,2.76,2.63,2.03,1.86,1.63,1.07,1.74,1.06,-0.45,1.53
200809,-8.77,-8.77,-9.49,-9.88,-8.28,-7.5,-7.11,-13.54,-8.47,-11.8,-7.78,-9.19,-9.77,-6.1,-10.11,-4.09,-11.87,-15.04,-9.24
200810,-16.16,-16.32,-18.18,-19.65,-13.94,-16.73,-16.99,-18.53,-19.81,-19.42,-13.12,-15.47,-18.48,-15.7,-16.17,-17.75,-17.78,-19.24,-17.23
200811,-6.4,-5.69,-10.62,-10.83,-4.04,-7.66,-7.38,-9.93,-10.75,-10.95,-2.84,-6.32,-8.15,-7.4,-3.12,-11.43,-9.71,-10.15,-7.86
200812,1.66,1.69,1.88,0.41,2.53,2.43,0.54,2.98,-1.95,3.82,2.58,2.44,4.94,1.14,0.54,0.54,3.41,2.57,1.74
200901,-8.9,-8.41,-7.15,-7.43,-8.91,-8.99,-9.26,-4.72,-5.81,-9.66,-9.96,-6.82,-8.12,-9.46,-8.39,-10.15,-6.65,-2.88,-8.12
200902,-9.53,-11.5,-8.32,-8.67,-11.09,-10.58,-11.55,-6.19,-8.32,-9.16,-10.16,-12.86,-10.42,-10.67,-11.98,-11.1,-5.54,-6.79,-10.1
200903,7.61,7.71,11,9.6,6.6,7.72,9.45,10.86,10.06,8.94,6.1,7.59,7.73,7.71,7.76,11.2,10.43,11.2,8.95
200904,10.12,8.61,11.37,13.64,7.73,9.03,9.58,11.65,12.45,15.37,7.35,8.48,13.51,6.65,8.18,11,11.31,11.93,10.18
200905,4.81,3.82,6.64,4.81,3.77,3.84,5.58,6.76,4.66,5.03,4.82,1.77,4.43,3.5,4.64,6.49,6.02,7.36,5.21
200906,1.42,-0.25,0.55,2.66,1.23,-0.45,-0.48,0.74,4.86,-0.43,0.39,2.89,-0.02,-0.69,-1.29,0.31,0.96,0.57,0.43
200907,8.89,7.54,7.28,10.87,7.13,8.24,7.61,6.81,11.94,10.1,7.2,7.06,8.61,7.95,7.04,8.73,5.69,7.53,7.72
200908,4.52,2.95,3.01,6.61,3.25,2.39,2.77,3.23,5.33,7.55,2.68,3.94,2.65,2.19,2.98,2.36,3.36,3.15,3.33
200909,3.87,3.62,5.03,5.28,2.33,6.3,2.46,5.26,6.74,4.23,2.57,2.04,8.19,4.81,1.5,4.32,5.64,5.02,4.08
200910,-2.72,-2.45,-2.13,-4.11,-1.4,-3.16,-2.48,-1.92,-5.09,-3.39,-1.41,-1.38,-4.85,-1.7,-2.32,-2.8,-1.63,-2.1,-2.59
200911,5.01,6.26,5.07,4.44,5.48,6.37,5.84,5.32,4.46,4.43,5.52,5.43,7.01,5.84,6.65,4.29,4.95,5.56,5.56
200912,2.03,2.23,4.21,3.71,1.49,2.91,2.16,4.22,5.16,2.66,0.51,2.72,2.72,3.07,1.13,4.15,3.1,4.94,2.75
201001,-4.43,-1.85,-4.73,-5.19,-1.93,-2.45,-2.84,-5.09,-5.58,-4.89,-3.72,0.25,-1.76,-3.03,-2.43,-3.59,-2.91,-6.45,-3.36
201002,4.02,3.04,3.46,4.48,2.65,3.88,3.44,3.2,4.67,4.34,3.6,1.54,4.16,3.64,3,4.26,2.99,3.34,3.4
201003,7.18,5.58,6.38,7.88,5.53,6.63,5.34,6.57,7.09,8.46,6.53,4.33,7.77,5.66,5.09,5.81,4.55,7.86,6.31
201004,2.92,1.4,2.1,3.9,1.43,1.89,1.93,1.72,1.32,5.79,1.99,0.73,2.05,1.75,1.21,3.28,2.29,1.37,2
201005,-7.55,-7.2,-8.79,-7.64,-7.11,-7.57,-7.43,-9.04,-7.37,-7.84,-7.47,-6.67,-8.45,-6.8,-7.09,-8.03,-10.12,-8.36,-7.89
201006,-7.22,-3.8,-6.68,-8.31,-3.89,-4.79,-4.86,-6.92,-9.47,-7.49,-6.17,-1.11,-6.04,-3.72,-4.26,-5.96,-7.14,-6.78,-5.57
201007,7.3,7.73,6.14,8.34,7.55,7.56,7.58,5.5,6.7,9.44,6.48,8.76,8.19,6.96,7.34,7.74,5.41,5.56,6.93
201008,-6.22,-5.31,-3.74,-6.72,-7.39,-4.65,-4.11,-3.53,-6.61,-6.78,-5.82,-9.14,-5.94,-3.42,-3.92,-4.24,-2.94,-3.98,-4.77
201009,9.31,9.11,9.96,11.64,8.21,8.83,8.85,10.69,11.63,11.65,7.45,9.08,9.98,7.78,9.84,8.17,10.36,10.96,9.54
201010,3.66,4.15,3.59,4.55,4.11,3.84,4.01,3.4,4.02,4.89,2.93,5.46,4.26,3.45,3.94,4.07,2.8,3.88,3.88
201011,1.36,1.34,-0.22,3.14,1.01,1.06,0.57,-0.34,2.13,3.79,-0.12,2.28,0.11,1.97,1.31,0.06,0.39,-0.9,0.6
201012,8.95,6.96,5.8,9.72,8.86,6.64,6.37,5.41,10.85,8.99,8.29,9.48,7.38,5.94,5.81,6.77,5.03,5.71,6.82
201101,1.97,2.81,1.4,1.99,2.23,3.71,1.01,1.49,1.31,2.43,1.96,2.52,3.9,3.53,0.76,1.19,1.86,1.21,1.99
201102,3.9,3.47,3.5,5.1,2.78,3.48,3.54,3.63,7.4,3.63,2.84,2.71,2.12,4.78,4.07,3.17,4.53,2.93,3.49
201103,0.51,0.78,0.3,0.8,0.17,0.98,0.32,0.44,0.59,0.94,0.26,0.07,0.74,1.2,0.85,-0.04,0.58,0.32,0.46
201104,2.71,3.1,2.97,1.99,2.08,3.52,3.69,2.75,1.59,2.25,3.35,0.71,3.71,3.34,3.91,3.53,3.87,1.86,2.9
201105,-2.12,-1.49,-0.7,-2.96,-2.04,-1.41,-0.97,-0.52,-2.75,-3.09,-1.38,-2.76,-1.14,-1.67,-0.72,-1.16,0.14,-1.05,-1.27
201106,-3.01,-1.5,-1.46,-3.51,-2.23,-1.3,-0.77,-2.02,-3.14,-3.75,-2.57,-1.86,-1.16,-1.44,-1.73,-0.08,-1.48,-2.46,-1.75
201107,-4.07,-2.84,-0.92,-4.37,-3.08,-2.83,-2.41,-0.48,-5.03,-4.02,-3.6,-2.65,-2.75,-2.93,-3.14,-1.97,-2.47,0.61,-2.35
201108,-5.79,-5.89,-6.11,-6.49,-5.53,-5.39,-6.01,-6.32,-9.18,-5.05,-4.73,-6.2,-5.93,-4.69,-6.74,-5.58,-7.19,-5.87,-5.99
201109,-6.38,-8.22,-7.5,-6.97,-7.75,-7.65,-8.76,-6.74,-11.25,-4.8,-5.51,-9.64,-7.08,-8.39,-7.78,-9.34,-7.5,-6.35,-7.59
201110,9.85,11.84,11.66,10.1,11.26,11.77,11.81,11.34,11.75,9.31,9.49,12.83,10.93,12.85,10.7,12.47,14.59,9.69,11.35
201111,0.27,0.02,-0.67,-0.11,0.56,-0.22,0.1,-0.95,-0.92,0.28,0.85,0.31,-0.63,0.3,0.26,0.01,-0.36,-1.26,-0.28
201112,2.63,1.09,-0.51,3.38,1.52,0.9,0.86,-1.03,1.7,4.18,1.52,1.51,0.86,0.95,1.03,0.76,-2.26,-0.37,0.74
201201,3.38,5.01,5.93,3.52,3.57,5.35,5.71,6,6.52,2.13,3.17,3.91,5.35,5.35,5.6,5.78,6.99,5.47,5.05
201202,4.02,3.83,5.14,4.23,4.95,3.47,3.45,5.43,4.12,4.28,3.69,6.02,3.13,3.9,1.77,4.44,5.09,5.61,4.42
201203,3.35,3.19,2.89,3.68,3.39,3.28,1.98,3.27,4.66,3.22,2.85,3.84,4.72,1.48,2.01,1.97,2.74,3.55,3.11
201204,0,-1.27,-0.76,-0.53,-0.37,-1.61,-0.53,-0.79,0.14,-0.86,0.78,-1.33,-1.96,-1.16,-0.24,-0.7,-0.5,-0.94,-0.85
201205,-4,-5.89,-7.39,-4.42,-4.56,-6.44,-6.57,-7.33,-6,-3.62,-3.38,-5.55,-6.43,-6.46,-4.92,-7.53,-9.2,-6.34,-6.19
201206,4.5,3.83,3.68,4.81,4.44,3.56,3.07,3.96,4.71,4.86,4.06,4.77,3.83,3.2,3.22,2.98,3.31,4.29,3.89
201207,0.77,0.88,0.73,-0.13,1,0.67,1.33,0.72,-0.34,-0.05,2.17,0.03,0.8,0.55,1.81,0.75,0.85,0.59,0.79
201208,2.6,1.52,3.9,4.28,1.02,1.6,1.72,4.64,5.69,3.74,0.06,1.83,1.42,1.76,1.18,2.38,3.75,5.6,2.55
201209,4.01,2.84,1.87,4.81,3.22,2.38,2.35,2.05,2.79,5.59,2.76,3.61,1.97,2.75,3.06,1.49,2.02,2.08,2.73
201210,-0.35,-0.66,-3.92,0.32,-1.6,-0.65,-1.26,-4.42,0.14,0.39,-1.42,-1.74,-0.85,-0.48,0.05,-2.87,-3.47,-5.41,-1.76
201211,1.18,0.29,1.12,1.09,1.25,0.14,0.28,1.31,0.52,1.31,1.31,1.19,0.51,-0.19,-0.06,0.71,1.29,1.34,0.78
201212,2.03,0.98,0.89,3.03,0.7,1.57,1,0.29,2.93,3.06,0.4,0.94,2.59,0.65,0.07,2.16,1.9,-1.43,1.18
201301,6.7,5.94,4.36,6.83,6.94,5.46,6.01,3.42,7.72,6.5,6.48,7.32,5.64,5.29,5.77,6.31,6.68,-0.2,5.57
201302,1.61,1.73,0.56,1.46,1.51,2.12,1.14,0.45,0.5,1.82,1.86,1.22,2.34,1.92,1.43,0.79,0.6,0.27,1.29
201303,4.91,4.47,2.9,4.65,4.92,4.88,3.94,2.26,3.92,4.92,5.34,4.57,5.64,4.18,3.73,4.2,1.94,2.64,4.03
201304,1.59,1.53,1.55,1.21,1.54,2.36,1.04,1.49,1.48,1.11,2.21,0.99,2.62,2.11,0.52,1.67,2.31,0.53,1.55
201305,2.64,2.22,3.71,4.21,0.85,2.87,2.58,3.71,5.26,3.83,0.07,1.49,2.84,2.91,1.62,3.72,4.23,3.08,2.8
201306,-1.5,-0.65,-1.95,-1.67,-2.09,-0.15,-0.5,-2.39,-1.68,-1.67,-1.2,-2.82,-0.03,-0.26,0.01,-1.1,-1.8,-3.1,-1.2
201307,5.41,5.29,6.23,5.7,5.3,5.69,3.98,7.65,6.86,5.12,5.11,5.52,6.42,5.06,4.15,3.85,6.81,8.27,5.65
201308,-3.1,-4.06,-0.86,-2.88,-3.43,-4.51,-2.34,-0.54,-1.79,-3.43,-3.32,-3.54,-4.9,-4.18,-3.59,-1.41,-1.29,0,-2.71
201309,3.16,3.34,4.66,3.44,3.26,3.16,3.61,5.15,4.1,3.1,2.87,3.68,3.3,3.03,3.37,3.79,5.26,5.08,3.77
201310,4.76,3.77,4.27,5.41,3.65,3.99,3.89,4.5,4.72,5.77,4.07,3.19,3.27,4.61,3.91,3.87,3.64,5.11,4.18
201311,2.88,3.17,3.16,2.28,3.45,3.55,2.85,3.02,2.08,2.38,3.52,3.38,5.04,2.29,2.08,3.42,3.36,2.79,3.13
201312,2.8,2.39,2.89,2.41,2.68,2.1,2.63,3.35,2.45,2.4,3.21,2.08,2.99,1.32,3.41,2.06,3.22,3.45,2.81
201401,-4.51,-3.33,-2.63,-4.94,-3.87,-3.04,-3.48,-2.25,-3.72,-5.57,-4.07,-3.65,-2.14,-3.83,-3.66,-3.34,-3.18,-1.59,-3.32
201402,4.44,4.33,5.14,4.28,4.96,3.51,4.75,5.49,4.8,4.01,4.6,5.35,2.53,4.39,5.11,4.48,5.41,5.55,4.65
201403,1.05,1.96,-1.3,1.23,0.78,2.28,1.81,-2.65,1.2,1.24,0.87,0.68,2.12,2.41,2.62,1.21,-1.46,-3.48,0.43
201404,0.82,0.33,-0.85,0.33,0.92,-0.13,-0.13,-0.68,-0.57,0.82,1.32,0.49,-1.86,1.4,1.21,-1.14,-0.5,-0.81,-0.19
201405,1.04,1.56,3.25,1.97,0.75,1.56,2.35,3.46,3.45,1.19,0.11,1.48,1.74,1.41,1.66,2.88,2.16,4.38,2.06
201406,1.58,1.79,3.85,1.96,1.39,1.56,2.79,4.29,3.93,0.9,1.19,1.62,2.46,0.78,2.47,3.03,4.68,4.03,2.61
201407,-2.6,-2.18,-1.31,-2.84,-2.41,-2.15,-2.02,-0.98,-2.85,-2.82,-2.24,-2.59,-2.54,-1.83,-1.96,-2.11,0.66,-4.16,-2.04
201408,4.04,3.89,4.86,3.79,4.41,3.81,4.19,4.88,3.84,3.76,4.43,4.39,3.07,4.42,3.7,4.82,4.56,5.52,4.24
201409,-1.93,-1.82,-2.08,-1.88,-2.07,-1.78,-1.8,-2.15,-2.43,-1.57,-2,-2.14,-1.6,-1.92,-1.7,-1.92,-1.35,-3.75,-1.97
201410,3,2.29,2.44,3.03,3.09,1.85,2.49,2.43,3.67,2.67,2.94,3.24,2.59,1.26,2.51,2.46,2.53,2.22,2.52
201411,3.14,1.91,2.97,2.75,2.33,2.25,2.55,2.79,3.69,2.23,3.72,0.89,1.39,2.97,1.91,3.38,3.98,0.31,2.55
201412,0.75,0.47,-1.4,0.44,0.88,0.5,0.29,-2.08,0.62,0.34,1.2,0.53,0.53,0.48,0.37,0.2,-2.79,-0.52,-0.06
201501,-4.1,-3.44,-1.83,-5.1,-2.51,-3.32,-4.03,-1.08,-2.54,-6.55,-2.64,-2.36,-3.51,-3.17,-4.4,-3.55,-0.62,-2.08,-3.11
201502,5.97,5.23,7.55,6.81,5.05,5.13,5.82,8.03,7.11,6.63,4.77,5.35,5.3,4.99,5.34,6.43,7.09,10.06,6.13
201503,-1.29,-1.31,-0.96,-1.74,-1.16,-1.56,-0.52,-1.14,-1.34,-1.98,-0.64,-1.71,-1.26,-1.8,-0.51,-0.52,-1.66,-0.09,-1.12
201504,0.46,0.42,1.13,1.43,-0.03,-0.02,0.42,1.72,-0.03,2.31,-0.94,0.96,0.37,-0.34,0.93,-0.23,2.12,0.91,0.59
201505,1.51,1.27,1.37,1.99,1.09,1.37,0.89,1.62,2.5,1.7,0.8,1.4,1.64,1.14,0.98,0.79,1.08,2.76,1.36
201506,-2,-1.52,-1.2,-1.64,-1.75,-1.67,-1.55,-1.1,-2.47,-1.15,-2.53,-0.93,-0.96,-2.25,-1.64,-1.44,-1.55,-0.19,-1.53
201507,0.98,1.61,2.13,0.63,0.98,1.37,1.24,3.9,0.6,0.66,1.43,0.6,1.79,0.98,3.36,-0.65,4.2,3.64,1.54
201508,-6.04,-5.92,-6.16,-6.21,-5.69,-6.3,-5.71,-6.37,-4.81,-7.29,-5.82,-5.58,-6.72,-5.92,-5.6,-5.81,-5.73,-6.94,-6.04
201509,-3.23,-2.14,-4.05,-3.94,-2.5,-1.92,-2.95,-4.13,-3.75,-4.09,-2.33,-2.65,-2.09,-1.76,-1.93,-3.9,-3.1,-5.05,-3.07
201510,9.03,6.68,8.29,8.32,8.33,6.68,6.19,9.68,9.53,7.36,9.93,6.93,7.09,6.3,6.37,6.01,10.48,8.95,7.75
201511,0.36,0.25,1.38,0.03,0.73,-0.27,0.61,1.89,-0.14,0.17,0.76,0.71,-0.75,0.16,0.72,0.5,1.65,2.11,0.57
201512,-1.9,-1.59,-3.29,-2.14,-1.74,-1.15,-4.11,-1.72,-1.99,-2.26,-1.62,-1.85,-0.99,-1.29,-2.13,-6.01,-0.91,-2.46,-2.17
201601,-4.68,-5,-7.99,-4,-5.07,-5.5,-5.51,-8.77,-2.69,-5.08,-5.5,-4.68,-6.12,-4.92,-4.44,-6.58,-5.99,-11.4,-5.77
201602,0.59,0.97,-2.01,0.15,1.08,0.95,0.13,-2.74,1.02,-0.57,1.14,1.03,1.39,0.56,0.95,-0.71,-3.52,-1.96,-0.07
201603,7.1,6.37,7.69,7.46,6.46,6.23,7.7,7.12,6.89,7.96,6.66,6.28,5.85,6.58,6.76,8.68,7.01,7.23,6.96
201604,1.47,1.55,-0.76,1.21,1.83,1.56,-0.88,0.5,1.67,0.83,1.78,1.89,1.02,2.05,1.12,-2.93,-2.31,3.25,0.91
201605,0.57,1.34,3.52,0.51,1.47,1.24,1.86,3.61,0.24,0.75,0.63,2.24,0.42,1.98,0.46,3.35,3.82,3.42,1.78
201606,1.39,0.61,-2.54,1.16,1.56,0.15,-0.69,-2.92,2.52,0.01,1.67,1.47,-1.06,1.21,0.45,-1.87,-4.13,-1.81,-0.05
201607,3.41,3.1,5.25,3.11,2.64,4.21,3.22,5.58,2.17,3.8,3.78,1.65,3.2,5.14,2.42,4.32,6.64,4.72,3.95
201608,0.16,0.62,0.54,1.42,-0.27,0.24,0.99,0.47,1.54,1.33,-1.39,0.73,-0.57,0.97,1.16,0.77,1.21,-0.16,0.49
201609,0.45,-0.57,1.17,1.06,-0.35,-0.06,-0.6,1.32,0.95,1.13,-0.32,-0.37,-0.05,-0.07,-1.57,0.72,1.13,1.49,0.25
201610,-2.06,-1.42,-2.52,-2.07,-2.03,-1.56,-1.49,-2.53,-3.62,-0.95,-2.05,-2.01,-1.5,-1.62,-0.73,-2.5,-1.93,-3.03,-2.02
201611,6.8,5.68,2.78,7.68,5.35,5.52,5.81,2.03,8.33,7.22,5.67,5.07,5.52,5.52,6.44,4.95,1.1,2.82,4.86
201612,1.71,2.51,1.11,1.34,2.35,2.35,2.22,1.01,0.83,1.7,2.21,2.47,2.52,2.19,2.82,1.39,0.07,1.8,1.82
201701,0.95,0.95,3.8,0.96,0.64,1.03,1.75,4.29,-0.27,1.83,0.94,0.37,-0.21,2.18,1.27,2.42,5.67,3.13,1.94
201702,3.13,3.86,3.73,2.43,3.53,4.34,3.4,3.97,0.16,4.01,4.05,3.08,4.18,4.47,3.66,3.04,3.02,4.79,3.57
201703,-0.49,-0.32,1.19,-0.13,-0.04,-0.51,-0.34,1.49,0.32,-0.43,-0.95,0.76,-0.59,-0.43,-0.82,0.32,1.89,1.16,0.17
201704,0.11,0.85,2.03,-0.82,1.03,1.09,0.68,2.41,-2.06,0.02,1.32,0.78,1.03,1.14,0.5,0.93,3.71,1.3,1.09
201705,-0.48,1.17,2.01,-1.84,1.01,1.29,1.07,2.41,-3.07,-1.02,1.25,0.81,1.19,1.37,1.25,0.81,3.53,1.44,1.06
201706,1.64,1.05,0.21,1.27,1.54,1.27,0.59,0.12,0.17,1.95,2.08,1.06,1.28,1.26,0.67,0.48,-0.22,0.42,0.78
201707,2.29,1.23,2.59,1,2.7,1.2,1.6,2.71,0.65,1.45,3.69,2.04,0.77,1.75,0.51,2.41,2.58,2.84,1.87
201708,-0.96,-0.66,1.67,-1,-1.55,-0.45,1.61,1.07,-1.31,-0.6,-0.92,-1.98,-0.32,-0.62,0.26,2.6,1.53,0.66,0.16
201709,4.41,3.11,1.41,4.25,3.62,3.47,1.27,2.14,3.55,5.14,4.58,3,3.78,3.07,2.63,0.3,2.8,1.55,2.51
201710,-0.38,1.37,4.32,-1.87,1.32,0.67,3.69,4.17,-2.85,-0.63,1.25,1.36,1.02,0.24,2.51,4.56,4.02,4.31,2.25
201711,2.99,4.26,2.36,1.72,4.37,3.98,3.55,2.06,1.28,2.27,4.33,4.39,3.27,4.9,4.57,2.81,2.16,1.98,3.12
201712,2.18,1.21,0.73,1.65,2.36,0.66,0.89,0.8,1.87,1.38,2.72,2.11,1.16,0.04,1.24,0.63,0.77,0.82,1.06
201801,4.71,4.48,7.31,3.94,4.93,4.81,4.48,8.85,2.51,5.69,5.49,4.55,5.5,3.93,3.88,4.93,7.99,9.64,5.57
201802,-5.09,-4.38,-2.13,-5.67,-6.14,-3.39,-2.42,-2.34,-6.38,-4.83,-4.5,-7.23,-3.33,-3.48,-3.31,-1.78,-3.13,-1.62,-3.65
201803,-1.27,-2,-2.73,-0.42,-1.58,-2.55,-2.3,-2.79,-1.67,1.06,-2.11,-1.22,-3,-1.97,-1.82,-2.64,-1.99,-3.5,-2.35
201804,2.33,-0.33,0.51,3.78,0.35,-0.57,-0.19,0.93,4.51,2.94,0.87,-0.01,-0.76,-0.34,-0.24,-0.16,-0.74,2.46,0.29
201805,1.79,1.07,4.71,1.71,1.83,1.5,2.99,4.32,0.98,2.57,1.88,1.8,1.37,1.68,-0.3,5.34,4.52,4.15,2.65
201806,0.53,0.55,0.63,0.83,1.45,-0.63,0.29,1.08,0.72,0.98,0.23,2.29,-0.73,-0.49,0.83,-0.07,-0.08,2.11,0.48
201807,3.43,3.49,3.31,2.56,4.57,3.84,3.41,2.7,3.46,1.9,4.54,4.59,5.11,2.77,1.89,4.89,5.06,-0.01,3.19
201808,1.65,2,6.12,1.69,0.96,2.4,3.39,6.95,4.09,-0.1,1.6,0.47,0.91,3.69,2.73,4.01,6.86,7.04,3.44
201809,1.05,0.27,-0.3,1.3,0.36,0.22,0.53,-0.62,1.64,1.04,0.73,0.09,-1.12,1.35,0.54,0.53,0.06,-1.44,0.06
201810,-5.12,-6.54,-9.21,-5.59,-5.89,-6.43,-6.22,-10.42,-6.6,-4.81,-4.53,-6.92,-4.98,-7.63,-6.38,-6.08,-6.93,-14.73,-7.68
201811,2.05,2.79,0.75,1.67,2.72,2.5,4.08,-0.92,2.2,1.28,2.52,2.87,2.07,2.86,3.22,4.88,-2.61,1.37,1.69
201812,-9,-9.49,-9.5,-9.46,-9.65,-9.61,-8.98,-9.45,-10.25,-8.88,-8.45,-10.59,-9.8,-9.45,-8.3,-9.61,-8.95,-10.09,-9.57
201901,7,8.48,9.31,7.92,7.89,8.12,7.79,10.13,8.32,7.64,5.9,9.47,9.68,6.85,8.21,7.39,7.13,14.07,8.4
201902,3.37,4.06,3.3,4.48,3.27,3.98,3.07,3.78,5.05,4.07,2.01,4.24,2.94,4.86,4.04,2.15,5.08,2.16,3.4
201903,0.52,0,2.81,1.4,-0.99,0.04,0.91,3.65,0.08,2.37,-0.58,-1.31,-1.82,1.52,1.1,0.74,4.37,2.75,1.1
201904,2.09,4.41,4.9,0.78,4.44,4.75,3.15,5.7,0.64,0.88,3.76,4.94,7.39,2.72,3.39,2.92,5.35,6.14,3.97
201905,-5.06,-6.36,-7.7,-5.57,-6.28,-6.39,-5.76,-8.22,-5.63,-5.52,-4.43,-7.66,-6.97,-5.93,-5.14,-6.36,-7.83,-8.73,-6.94
201906,7.01,6.82,7.41,6.86,7.33,6.62,6.71,7.65,6.99,6.76,7.2,7.43,6.68,6.57,6.6,6.82,7.81,7.43,6.93
201907,1.58,0.92,1.78,0.5,1.78,1.33,1.56,1.58,0.39,0.61,2.71,0.2,0.62,1.82,0.2,2.27,2.71,-0.08,1.19
201908,-2.49,-2.45,-2.23,-3.64,-2.08,-2.23,-1.31,-2.78,-3.82,-3.46,-1.32,-3.42,-2.38,-2.12,-2.08,-0.92,-2.37,-3.39,-2.58
201909,3.04,2.64,-0.32,1.84,3.39,2.9,1.44,-0.84,2.16,1.53,4.22,1.92,1.78,3.66,2.55,0.89,-0.15,-1.88,1.43
201910,2.13,2.01,2.57,2.2,1.59,2.62,2.23,2.5,2.05,2.33,2.06,0.73,2.11,2.96,1.23,2.74,3.27,1.33,2.06
201911,3.8,3.18,4.95,3.44,3.72,3.65,3.92,4.87,3.9,2.99,4.15,2.93,3.71,3.61,1.54,5.12,3.33,7.24,3.88
201912,4.22,2.58,2.28,3.27,4.12,2.73,2.8,1.95,3.3,3.25,5.13,2.25,2.06,3.18,2.38,3,2.68,0.87,2.77
202001,-0.81,-1.43,2.02,-2.66,-0.6,-1.07,0.7,2.44,-2.2,-3.12,0.94,-3.57,-0.92,-1.16,-0.1,1.09,3.68,0.55,-0.11
202002,-8.94,-9.22,-6.38,-8.17,-9.78,-9.3,-7.18,-6.14,-7.44,-8.89,-9.64,-10.07,-8.73,-9.68,-7.77,-6.91,-6.37,-5.77,-8.13
202003,-11.26,-15.94,-12.08,-11.31,-14.02,-15.17,-11.63,-12.86,-10.28,-12.33,-11.21,-19.71,-14.98,-15.29,-14.42,-10.33,-11.64,-14.79,-13.39
202004,12.98,12.13,15.36,12.65,14.25,11.53,11.87,16.5,13.8,11.47,13.29,16.43,10.36,12.33,9.63,12.87,17.96,14.11,13.65
202005,4.3,5.21,6.33,4.67,4.32,4.62,5.43,7.17,5.54,3.76,3.96,5.13,4.41,4.77,7.72,4.44,5.86,9.37,5.58
202006,2.97,0.08,3.84,0.76,3.25,0.06,3.38,3.58,3.14,-1.77,5,-0.59,-0.65,0.54,0.97,4.46,3.77,3.27,2.46
202007,7.27,3.41,7.65,7.85,4.82,3.18,4.87,7.81,1.97,10.78,5.67,4.38,3.51,2.77,2.95,7.14,7.16,8.27,5.77
202008,8.94,5.41,9.15,9.64,5.24,4.92,9.65,8.14,1.1,13.57,6.94,4.32,5.68,3.95,7.23,12.38,7.57,8.54,7.63
202009,-5.14,-2.46,-4.08,-6.14,-2.33,-1.58,-4.04,-4.08,-2.07,-7.81,-2.2,-2.4,-1.57,-1.59,-4,-4.08,-4.13,-4.05,-3.63
202010,-3.05,-2.22,-1.46,-4.28,-1.35,-2.21,-2.44,-1.03,-4.11,-4.36,0.42,-2.33,-2.45,-1.9,-2.14,-2.78,0.36,-2,-2.1
202011,12.6,11.92,12.42,12.77,13.27,12.99,12.76,10.78,16.64,11.09,12.14,13.91,13.23,12.68,8.34,17.62,10.66,10.87,12.47
202012,5.96,3.77,4.81,7.43,4.07,3.08,5.52,3.94,5.99,8.08,1.98,5.23,3.22,2.91,3.66,7.41,3.93,3.94,4.63
202101,2.43,-1.28,-0.47,2.03,-0.18,-1.57,-0.24,-0.44,6.2,0.16,3.54,-2.19,-2.21,-0.72,0.07,-0.54,0.22,-0.92,-0.03
202102,0.41,4.49,2.78,-0.54,4.53,5.3,1.87,3.23,2.69,-2.08,3.1,5.35,5.01,5.66,2.28,1.48,5.55,1.56,2.78
202103,4.66,5.11,1.24,3.7,6.73,5.32,4.13,0.05,4.95,3.07,7.28,6.42,4.6,6.24,3.52,4.73,0.9,-0.59,3.08
202104,3.5,4.31,6.79,3.81,3.26,3.87,5.5,7.36,1.96,4.75,2.68,3.59,4.27,3.36,5.81,5.2,8.89,6.2,4.93
202105,0.48,1.73,-1.04,-0.15,2.93,1.76,-0.06,-1.31,3.23,-1.82,2.15,3.37,1.23,2.43,0.15,-0.25,0.62,-2.82,0.29
202106,2.84,0.98,3.88,4.35,-1.68,0.57,2.15,5.36,2.53,5.3,-1.07,-2.02,1.18,-0.19,4.62,-0.3,5.61,5.15,2.75
202107,0.89,1.97,1.13,1.19,0.27,2.37,2.51,0.31,-5.75,2.66,0.15,0.36,3.02,1.45,2.07,2.75,2.2,-1.04,1.27
202108,2,2.07,3.92,2.75,0.49,2.81,2.7,4.07,2.49,2.8,0.12,0.79,3.13,2.36,1.01,3.62,5.04,3.35,2.91
202109,-3.69,-4.43,-4.56,-3.64,-3.05,-5.15,-4.09,-4.76,3.61,-5.05,-3.84,-2.44,-5.58,-4.52,-3.91,-4.18,-5.29,-4.36,-4.37
202110,4.42,6.02,7.98,5.06,4.33,7.28,6.68,7.65,7,4.65,2.76,5.54,8.95,4.89,3.03,8.61,6.98,8.16,6.65
202111,1.33,-2.58,-1.64,3.59,-3.14,-2.1,-3.42,-0.93,-4.65,5.34,-4.61,-2.05,-2.36,-1.71,-4.29,-2.99,0.44,-1.94,-1.55
202112,6.27,6.01,0.49,5.62,7.32,5.27,5.08,-1.24,0.29,6.65,8.11,6.74,5.35,5.15,7.58,3.85,1.84,-3.58,3.1
202201,-0.86,-3.47,-9.71,-0.25,-1.35,-4.19,-5.63,-11.36,3.35,-0.91,-2.55,-0.46,-5.23,-2.65,-3.66,-6.65,-10.13,-12.35,-6.25
202202,-1.64,-1.3,-3.41,-2.13,0.1,-1.49,-2.43,-3.84,5.67,-3.63,-0.21,0.33,-2.1,-0.61,-2,-2.65,-6.34,-1.8,-2.29
202203,4.88,3.1,2.53,5.7,3.47,2.97,1.31,3.66,8.08,5.21,2.6,4.1,2.3,3.92,2.7,0.57,2.62,4.47,3.06
202204,-6.13,-6.1,-13.28,-6.77,-4.83,-7.08,-8.37,-14.72,-6.89,-6.74,-4.31,-5.21,-7.42,-6.58,-4.11,-10.68,-11.57,-17.14,-9.46
202205,1.44,0.23,-1.47,1.49,2.38,-0.74,0.61,-2.69,9.26,-0.12,1.31,3.15,-1.52,0.34,0.61,0.61,-0.19,-4.74,-0.34
202206,-10.16,-7.71,-7.76,-9.55,-10.48,-7.43,-7.26,-7.99,-17.27,-7.8,-11.87,-9.51,-7.37,-7.51,-7.05,-7.38,-9.08,-7.05,-8.44
202207,5.05,8.97,14.07,4.54,6.69,9.82,9.95,14.87,4.75,4.37,5.44,8.01,4.25,12.7,8.51,12.76,16.11,13.41,9.57
202208,-1.98,-3.49,-4.82,-2.26,-2.28,-2.82,-5.09,-4.06,-1.52,-2.87,-1.77,-2.8,-3.25,-2.61,-4.56,-6.08,-3.8,-4.37,-3.77
202209,-8.97,-9.19,-8.95,-8.57,-9.39,-8.33,-9.08,-9.93,-9.98,-7.38,-9.28,-9.51,-6.5,-9.2,-10.01,-7.29,-9.07,-10.99,-9.35
202210,12.84,8.59,4.25,12.55,12.92,8.02,5.92,4.64,11.94,13.05,13.06,12.78,5.58,9.2,7.18,3.6,2.2,7.69,7.83
202211,5.78,5.57,3.54,6.64,4.94,3.92,6.25,3.81,7.34,6.07,5.12,4.75,6.74,2.61,7.91,3.07,3.35,4.36,4.61
202212,-3.46,-5.72,-8.5,-3.32,-3.68,-6.04,-7.29,-8.05,-3.06,-3.53,-3.56,-3.81,-2.79,-7.61,-6.32,-9.25,-7.56,-8.62,-6.41
202301,3.72,5.88,11.48,3.76,4.73,5.82,7.36,12.23,7.05,1.07,3.68,5.82,5.04,6.22,5.97,10.23,11.17,13.48,6.64
202302,-2.91,-2.26,-1.84,-2.51,-3.08,-1.54,-1.85,-2.87,-3.4,-1.73,-3.23,-2.92,-1.71,-1.46,-2.74,-0.09,-4.79,-0.64,-2.59
202303,-0.16,4.3,2.44,-0.33,-0.39,4.75,4.36,3.65,-0.26,-0.39,-0.03,-0.75,2.68,5.78,6.39,0.42,2.58,4.83,2.51
202304,1.35,2.52,-2.15,0.15,2.13,2.52,0.77,-1.44,0.57,-0.21,2.29,1.97,3.91,1.85,2.78,-3.38,-0.32,-2.66,0.61
202305,-4.06,0.3,4.59,-4.32,-4.6,-0.21,3.12,5.96,-2.72,-5.7,-3.86,-5.37,-0.45,-0.09,3.55,2.2,3.06,9.2,0.35
202306,6.18,6.36,8.34,5.42,6.8,7.62,6.38,7.48,5.92,4.96,6.76,6.83,8.3,7.29,4.79,9.92,7.62,7.32,6.47
202307,4.11,3.38,3.73,4.74,3.13,3.42,2.78,5.4,4.46,4.98,3.5,2.92,4.82,1.6,4.29,2.04,4.09,6.11,3.21
202308,-2.85,-1.4,-2.02,-2.96,-2.72,0.6,-2.35,-2.13,-3.81,-2.25,-2.75,-2.71,2.41,-1.82,-3.23,-1.92,-3.76,-1.24,-2.39
202309,-4.53,-4.92,-4.79,-4.96,-5.57,-4.76,-3.67,-5.18,-6.1,-4.01,-4.12,-6.4,-4.53,-5.08,-2.19,-4.39,-2.53,-6.57,-5.24
202310,-3.46,-2.51,-2.27,-4.18,-2.04,-3.13,-0.06,-5.79,-4.91,-3.58,-2.76,-1.61,-3.88,-2.07,-2.92,1.4,-1.31,-8.24,-3.18
202311,7.49,8.42,11.44,8.12,8.6,7.63,9.27,12.99,11.14,5.71,6.89,9.59,7.73,7.49,7.88,9.94,9.27,15.18,8.83
202312,7.17,4.31,5.35,6.33,4.92,4.94,4.07,7.18,5.49,7.04,7.98,3.17,4.77,5.19,5.22,3.53,6.31,7.66,4.87
202401,0.7,0.31,2.67,0.05,-0.05,1.57,2.37,1.74,-0.57,0.56,1.32,-0.87,1.49,1.68,-0.22,3.63,-0.26,2.84,0.7
202402,4.28,2.87,9.25,4.13,2.61,4.36,6.38,10.13,5.14,3.3,4.42,1.5,4.3,4.43,2.12,8.37,4.01,13.4,5.07
202403,4.62,2.84,3.06,4.68,2.08,3.96,3.25,3.52,5.29,4.17,4.56,0.52,4.62,3.04,4.77,2.58,3.13,3.71,2.83
202404,-5.17,-2.6,-5.45,-6.18,-3.47,-1.57,-5.24,-5.28,-8.25,-4.45,-4.23,-2.97,0.13,-3.95,-4.35,-5.64,-5.46,-5.19,-4.67
202405,3.25,3.83,6.73,2.69,4.97,2.88,4.64,7.78,2.7,2.68,3.77,5.74,3.5,1.97,2.44,5.63,3.55,9.84,4.34
202406,2.28,1.73,5.34,1.27,3.4,1.3,3.38,5.48,3.31,-0.38,3.2,3.52,2.64,-0.69,-0.78,5.2,1.68,7.23,2.77